"氏名","氏名（ひらがな）","年齢","生年月日","性別","血液型","メールアドレス","電話番号","携帯電話番号","郵便番号","住所","会社名","クレジットカード","有効期限","マイナンバー"
"渡辺 みどり","わたなべ みどり",39,"1983年09月13日","その他・不明","O","midoriwatanabe@example.co.jp","03-3688-2229","050-4044-8156","155-8047","東京都杉並区高円寺南2-2-9","株式会社ACT","5292144945199083","02/26","835578994615"
"佐藤 修一","さとう しゅういち",61,"1961年02月27日","男","AB","shuichisato@example.co.jp","0946-47-6696","070-3851-0961","809-6316","福岡県福岡市博多区博多駅前2-5-6","","378577534528709","08/23","617066888190"
"西村 隼","にしむら はやと",49,"1973年06月25日","男","O","junnishimura@example.org","03-8596-2432","080-5040-8364","207-0355","東京都台東区東上野3-5-15","","370683836851761","02/24","287492134551"
"村上 武","むらかみ たける",41,"1981年05月30日","男","A","murakami_530@example.jp","0949-59-3571","070-2740-4537","803-5671","福岡県福岡市城南区別府3-3-10","有限会社のぞみ","4431430248271819","04/25","616922143294"
"谷 祐一","たに ゆういち",22,"2000年02月25日","男","AB","yuichi_tani@example.ne.jp","0152-89-4573","070-9676-1174","072-3862","北海道室蘭市中島町3-1-707","株式会社Roots","4587157673981636","12/22","643684614817"
"村上 卓","むらかみ すぐる",62,"1960年03月05日","男","A","murakami_35@example.net","0980-52-5118","070-8904-1766","903-7099","沖縄県沖縄市美原1-4-11","","4326290242701023","01/27","391936175480"
"森 幸子","もり さちこ",45,"1977年06月19日","その他・不明","A","mori619@example.net","0894-37-0206","050-0765-6600","797-1936","愛媛県今治市小泉3-2-5","株式会社レインボー","4466803027403290","07/24","459434697690"
"村田 英治","むらた えいじ",40,"1982年01月18日","男","B","murata118@example.co.jp","03-7460-1092","050-4581-4713","163-4280","東京都東村山市久米川町3-1-4レジオン601","株式会社SOL","376357961206927","06/25","342570073689"
"岩田 和也","いわた かずや",46,"1976年06月09日","男","O","kazuyaiwata@example.co.jp","06-7913-2624","050-8138-2495","558-4402","大阪府大阪市中央区南船場1-5-607","株式会社レーヴ","4667423774002281","07/27","302788086810"
"坂倉 逸郎","さかくら いつろう",48,"1974年09月29日","男","A","itsurosakakura@example.ne.jp","06-5404-6752","050-8162-0095","564-3627","大阪府豊中市庄内栄町1-5-17アルス506","有限会社グリーン","5518747170067102","02/27","460392024701"
"竹下 恭子","たけした きょうこ",69,"1953年07月13日","女","A","kyokotakeshita@example.net","03-8881-0828","080-6189-3952","183-5551","東京都墨田区東向島3-3-6","","3564350976984105","08/23","876144477890"
"土屋 亮子","つちや りょうこ",72,"1950年05月13日","女","B","tsuchiya513@example.net","0465-60-8875","050-1521-2403","232-6858","神奈川県横浜市金沢区富岡西3-1-9","","375386099495772","07/25","901139258190"
"小西 直文","こにし なおふみ",75,"1947年06月17日","男","O","naofumikonishi@example.ne.jp","03-7560-1614","050-7682-7335","125-3858","東京都目黒区上目黒1-1-22","","5377999317623822","04/24","332006707850"
"松田 裕","まつだ ひろし",73,"1949年05月28日","男","A","yutaka_matsuda@example.net","06-3559-0067","070-6467-7895","558-5427","大阪府東大阪市岩田町4-3-8","","5243297731728083","03/27","558421406384"
"南 千絵","みなみ ちえ",68,"1954年09月15日","女","O","minamichie@example.jp","06-9207-0131","080-2057-0571","566-9250","大阪府東大阪市新庄3-2-12インペリアル414","","3539104969313463","09/27","479913085179"
"藤瀬 宏樹","ふじせ ひろき",76,"1946年03月31日","男","O","fujise331@example.com","03-5260-1988","050-7247-4228","180-9640","東京都世田谷区玉川1-1-19","","4351752489893910","03/26","452169600226"
"加藤 俊介","かとう しゅんすけ",45,"1977年05月29日","男","A","kato529@example.co.jp","022-247-3939","070-5004-1368","985-6035","宮城県岩沼市中央3-1-7","株式会社田中建設","3546157548481863","12/23","692932637196"
"松井 正雄","まつい まさお",64,"1958年09月11日","男","B","matsui_911@example.org","0237-28-9994","090-6588-9099","999-6159","山形県山形市桧町4-2-7","","5291925733987239","02/26","553160080050"
"豊田 万里","とよだ まり",28,"1994年03月12日","女","B","toyoda_mari@example.co.jp","03-8628-4137","080-2156-7284","138-2841","東京都港区六本木3-3-22","株式会社プラスワン","378280015012554","04/23","581218430956"
"鈴木 正明","すずき まさあき",60,"1962年11月07日","その他・不明","A","suzuki_117@example.com","0575-68-1080","090-1368-1290","507-1245","岐阜県多治見市明和町1-1-7","","5516931521947889","09/23","224032032821"
"石原 和久","いしはら かずひさ",30,"1992年07月20日","男","A","ishihara_kazuhisa@example.co.jp","06-5493-2231","090-4062-6915","553-8119","大阪府大阪市北区西天満4-3-6","有限会社アイ・コーポレーション","379629546799650","12/24","472327613870"
"酒井 典子","さかい のりこ",42,"1980年07月07日","女","O","sakainoriko@example.com","0575-06-4957","070-6845-1853","508-5012","岐阜県岐阜市神田町4-2-3ネオハイツ614","有限会社市川","5335581343718866","05/26","300184348709"
"青木 孝明","あおき たかあき",21,"2001年04月12日","男","B","takaaki_aoki@example.com","08388-6-3236","050-5022-1776","748-3443","山口県宇部市西平原2-3-9","有限会社コジマ","5569509331513491","10/24","118121720508"
"竹本 千恵","たけもと ちえ",64,"1958年01月30日","女","A","takemoto_130@example.com","03-8829-2606","090-2959-0221","118-9615","東京都杉並区高円寺南2-3-603","","3548895543085548","05/26","995958455480"
"岡田 知孝","おかだ ともたか",74,"1948年03月15日","男","A","tomotaka_okada@example.co.jp","0567-57-3420","070-3514-4920","489-0193","愛知県名古屋市北区山田2-5-19","","4004937726721336","05/23","181757281923"
"藤井 祐介","ふじい ゆうすけ",50,"1972年09月22日","男","O","fujii922@example.co.jp","03-8959-7299","080-1694-6312","135-3432","東京都板橋区板橋2-3-504","有限会社小川","5537192586974616","01/27","355337755537"
"桝田 勤","ますだ つとむ",71,"1951年10月08日","男","B","tsutomu_masuda@example.net","03-9048-4611","080-1340-0205","122-6595","東京都渋谷区恵比寿1-2-9","","371142470554891","08/23","491727207744"
"小川 未生","おがわ みを",25,"1997年06月25日","女","B","mio_ogawa@example.ne.jp","0930-87-6402","050-7949-1276","835-5175","福岡県久留米市御井旗崎4-1-3","有限会社三晃","5274305176193705","06/27","418154769948"
"多田 裕子","ただ ゆうこ",80,"1942年08月07日","女","B","yukotada@example.net","0478-41-1370","080-0309-8174","290-6984","千葉県市川市市川2-5-7","","4083609414003012","02/27","459923904932"
"伊藤 忍","いとう しのぶ",64,"1958年07月21日","女","A","ito_721@example.com","049-134-6853","050-9250-3093","331-2371","埼玉県鶴ヶ島市富士見3-1-8","","376738758796487","06/25","824507753992"
"原 知輝","はら ともてる",66,"1956年04月28日","男","AB","hara428@example.co.jp","0798-95-0398","070-8103-7943","669-6607","兵庫県伊丹市千僧1-5-16","","377484668042741","03/25","987091849860"
"渡邉 豊和","わたなべ とよかず",43,"1979年05月28日","男","A","toyokazu_watanabe@example.co.jp","0795-84-8339","050-9614-8260","679-6833","兵庫県宝塚市安倉西2-2-4","有限会社コスモテック","5249938230315898","12/26","731891975117"
"山口 収","やまぐち おさむ",72,"1950年09月13日","男","A","yamaguchi_osamu@example.net","06-9188-4143","070-1625-1636","530-8824","大阪府大阪市鶴見区浜2-2-17","","5435230313226661","05/24","330258846400"
"長島 寛","ながしま ひろし",79,"1942年12月07日","男","O","nagashima_hiroshi@example.co.jp","0948-70-2717","090-1055-3795","838-8552","福岡県糟屋郡宇美町ゆりが丘4-2-8","","371129708780950","01/27","000511386756"
"佐藤 孝寛","さとう たかひろ",41,"1981年08月10日","男","B","sato810@example.net","06-1519-7542","090-0295-6951","544-3589","大阪府大阪市西区北堀江1-5-19ヴィラデステ501","有限会社フォワード","375085175530565","05/24","723530453253"
"斉藤 将志","さいとう まさし",68,"1954年01月29日","男","O","masashisaito@example.co.jp","03-3095-8580","050-6932-7459","141-5028","東京都東村山市秋津町1-2-20","","5201562155456879","08/24","001313176084"
"黒田 貴史","くろだ たかし",78,"1944年07月28日","男","B","kuroda728@example.org","0943-67-5084","090-9983-2937","833-6886","福岡県北九州市小倉北区下富野2-2-304","","3561500198752531","12/22","641976520861"
"小林 俊宏","こばやし としひろ",75,"1947年10月13日","男","B","toshihiro_kobayashi@example.jp","049-291-6656","080-7946-8770","353-9476","埼玉県ふじみ野市亀久保3-3-405ブランシエラ813","","4459191605961213","05/25","011090555229"
"大久保 加奈子","おおくぼ かなこ",58,"1964年06月15日","その他・不明","O","okubo615@example.jp","03-5798-1491","050-8127-8456","131-2675","東京都世田谷区駒沢3-1-10ルネ203","有限会社山商","372743296247534","12/23","510876289600"
"川村 広明","かわむら ひろあき",71,"1951年08月29日","男","O","hiroakikawamura@example.jp","0566-99-0611","050-1119-5615","447-7293","愛知県刈谷市池田町2-2-3","","3559342053863317","04/26","903932102242"
"小嶋 ゆかり","こじま ゆかり",20,"2002年09月30日","女","A","yukarikojima@example.org","0768-36-8893","090-8219-6712","922-9001","石川県河北郡内灘町字向粟崎2-3-9","株式会社大吉","373914250469542","08/27","366520992140"
"大塩 淳二","おおしお じゅんじ",54,"1968年10月01日","男","AB","junji_oshio@example.jp","0135-72-0345","070-8663-0987","077-2487","北海道旭川市東光二条3-2-406シャトー208","株式会社ディライト","4214027435799405","03/23","641857953415"
"森山 朋樹","もりやま ともき",55,"1967年07月12日","男","B","moriyama_tomoki@example.ne.jp","0847-20-0531","050-7109-2291","721-9065","広島県福山市南松永町3-5-22","株式会社松本工務店","4319868360938300","05/23","444879004131"
"小泉 浩司","こいずみ ひろし",27,"1995年05月30日","男","O","koizumi_koji@example.org","03-3045-7287","090-9923-5990","202-3547","東京都練馬区田柄3-3-6","株式会社フルール","3536479942747174","12/25","467266356868"
"曽根 知子","そね ともこ",52,"1970年11月05日","女","A","sone115@example.ne.jp","0863-82-2532","080-3366-0614","701-7634","岡山県岡山市北区今3-2-21","株式会社T＆T","5508381173400813","12/25","620289424936"
"北川 彩","きたがわ あや",27,"1995年03月25日","その他・不明","AB","kitagawa325@example.co.jp","045-735-0894","070-5753-3512","242-3295","神奈川県小田原市南町2-3-14グレーシアス815","有限会社山田工業","4071678441550521","09/27","207535515658"
"日下 武憲","くさか たけのり",45,"1977年04月02日","男","A","takenori_kusaka@example.net","0794-94-0921","080-1723-0900","654-9013","兵庫県神戸市中央区多聞通1-2-3","有限会社サワダ","3551104450685406","09/23","349372989680"
"長谷川 英子","はせがわ ひでこ",68,"1954年04月08日","女","B","hasegawa_eiko@example.jp","03-8715-0832","090-0927-0757","108-1794","東京都荒川区町屋2-3-10","","5367775587469761","08/26","520138938909"
"今泉 裕樹","いまいずみ ゆうき",54,"1968年07月23日","男","A","imaizumi723@example.org","03-0528-4182","090-8852-7741","193-2544","東京都杉並区高井戸東4-3-5ディモア107","","5391707748786353","01/24","586912288921"
"佐藤 孝博","さとう たかひろ",71,"1951年03月18日","男","B","sato318@example.org","03-1713-5997","070-8678-0149","172-2441","東京都八王子市元本郷町3-1-12","","5300469080376695","02/23","648489673177"
"齋藤 真衣子","さいとう まいこ",46,"1976年02月02日","女","A","maiko_saito@example.net","03-9972-4750","050-4320-6216","160-5129","東京都港区赤坂3-3-8","株式会社和楽","375308501121309","12/24","803748913705"
"吉見 友昭","よしみ ともあき",78,"1943年12月04日","男","A","yoshimitomoaki@example.jp","0795-70-8421","090-3521-6046","650-8642","兵庫県伊丹市西台2-3-17","","3554447601338525","01/27","689697504832"
"中村 未来","なかむら みき",69,"1953年07月27日","女","A","nakamura_miku@example.co.jp","03-0510-2232","090-2176-2555","124-3133","東京都渋谷区恵比寿2-3-16","","5282582295876531","11/24","709004928244"
"堀川 浩嗣","ほりかわ ひろし",60,"1962年07月26日","男","A","horikawa726@example.co.jp","0144-32-0530","090-6232-9175","046-4490","北海道札幌市中央区南四条東1-1-7","","5278923717569575","09/25","790919993457"
"田辺 光","たなべ ひかる",40,"1982年05月10日","男","AB","tanabe_hikaru@example.co.jp","044-948-2037","050-3257-9323","219-6994","神奈川県川崎市川崎区塩浜2-1-8","有限会社鈴屋","370382371048541","07/26","531016525826"
"櫻井 さとし","さくらい さとし",73,"1949年07月01日","男","O","sakuraisatoshi@example.ne.jp","098-047-1252","080-2889-5184","900-9109","沖縄県沖縄市中央4-2-4","","3541455429127646","10/27","102201714033"
"渡辺 智章","わたなべ ともあき",21,"2001年03月15日","男","O","tomoaki_watanabe@example.ne.jp","0470-22-5390","090-4563-6033","265-2588","千葉県船橋市夏見台3-1-10","有限会社アート企画","375609118580740","01/26","788007593399"
"横田 勇生","よこた ゆうき",51,"1971年10月24日","男","AB","yokota_1024@example.net","0463-71-9529","070-2482-2548","219-8991","神奈川県茅ヶ崎市東海岸北4-1-4センチュリーマンション215","株式会社プロスパー","3583832608839325","06/26","102801502552"
"安田 泰臣","やすだ やすおみ",79,"1943年09月04日","男","O","yasudayasuomi@example.co.jp","06-8781-9419","050-2809-7989","555-6916","大阪府八尾市久宝寺2-4-21パレステージ206","","3589204204832290","12/24","908408973068"
"柴田 啓吾","しばた けいご",61,"1961年09月22日","男","O","keigoshibata@example.jp","09496-4-1961","090-1811-9525","800-1295","福岡県大野城市筒井1-3-5パークハイツ510","","5577956957328060","03/27","711160655660"
"前島 知里","まえじま ちさと",66,"1956年09月27日","女","O","maejima_927@example.net","06-4533-7163","090-2914-1008","555-3432","大阪府大阪市住之江区東加賀屋4-2-8","","3558092806234966","12/23","887850260421"
"戸井田 みほ","といだ みほ",49,"1972年12月04日","女","A","mihotoida@example.jp","0467-15-7657","080-7700-7627","222-8793","神奈川県横浜市西区桜木町2-4-8","株式会社大雄","372573475948507","12/22","323085531682"
"海保 邦枝","かいほ くにえ",45,"1977年08月14日","女","A","kaihokunie@example.jp","03-8151-5166","080-2483-1167","149-7041","東京都千代田区麹町2-2-10","有限会社アミューズ","377690923016334","04/26","304837883651"
"堀越 富美子","ほりこし ふみこ",65,"1957年07月28日","女","A","horikoshifumiko@example.org","0465-45-5433","070-2077-1471","252-1825","神奈川県横浜市磯子区岡村2-3-14","","4209366488410446","09/23","060116068136"
"青柳 航","あおやぎ わたる",55,"1967年06月19日","男","AB","aoyagi619@example.jp","03-4326-9867","070-0993-2623","186-7434","東京都台東区上野2-3-1103","有限会社三宝","5345615443344948","12/22","121005604453"
"山本 麻弥","やまもと まや",55,"1967年04月25日","女","O","yamamoto_maya@example.net","06-5500-1986","080-6397-5626","575-4374","大阪府東大阪市川田1-3-9","有限会社アース","4297377275986533","10/27","961798321420"
"安田 さやか","やすだ さやか",38,"1984年11月17日","女","A","sayakayasuda@example.com","0895-12-0608","050-4873-8031","790-5403","愛媛県松山市石手1-2-9エーベル815","株式会社永光","4701955340021319","07/26","490317617388"
"杉浦 豪","すぎうら たけし",72,"1950年07月23日","その他・不明","A","gosugiura@example.ne.jp","042-638-8753","080-2659-7508","364-4732","埼玉県春日部市緑町3-1-5","","5227116519984074","01/25","857933290105"
"武澤 真梨子","たけざわ まりこ",50,"1971年11月19日","女","B","marikotakezawa@example.co.jp","03-1659-8897","080-2165-5807","101-8089","東京都品川区西五反田3-4-402","有限会社石川商店","3535220411254081","08/27","151730154141"
"石丸 智子","いしまる ともこ",40,"1982年03月03日","女","B","tomokoishimaru@example.com","06-0297-6499","080-9494-1582","556-3099","大阪府大阪市生野区田島4-3-5","株式会社SKS","379025023560113","05/26","050698728741"
"那須 卓也","なす たくや",80,"1942年09月30日","男","O","nasu_930@example.jp","0195-63-7385","090-8623-9189","020-0214","岩手県宮古市西ヶ丘3-3-5","","5135558766893568","05/24","824445958894"
"松浦 美由紀","まつうら みゆき",37,"1985年05月25日","女","B","matsuura_525@example.com","0770-26-3764","050-4441-1957","910-7495","福井県福井市西開発2-2-15","株式会社サニー","4994949868694991","04/27","805764360727"
"三浦 健司","みうら けんじ",24,"1997年11月18日","男","A","kenjimiura@example.com","0943-32-5849","070-3323-5695","832-4534","福岡県大牟田市三川町2-1-4","有限会社エイコー","3556642714621183","07/24","083561135471"
"佐々木 知恵","ささき ちえ",65,"1957年10月08日","女","O","sasakichie@example.net","06-2059-2623","090-3634-3754","587-7845","大阪府高石市羽衣2-4-4","","3542118384539655","04/24","178378732704"
"荒木 知宏","あらき ともひろ",56,"1966年02月21日","男","A","araki_221@example.co.jp","09802-6-6752","080-3073-6744","906-9915","沖縄県糸満市潮崎町4-1-9","株式会社ビジネスサポート","3547465673635685","06/27","640945500807"
"玉井 拓司","たまい たくじ",79,"1943年01月07日","男","B","tamaitakuji@example.ne.jp","03-8486-1204","090-2172-8637","178-1308","東京都渋谷区恵比寿1-5-10","","3531564123563626","03/23","452625114223"
"橋本 恭一","はしもと きょういち",26,"1996年07月29日","男","B","hashimoto_kyoichi@example.org","03-2364-7091","050-0971-3023","198-0507","東京都江東区豊洲3-3-14","株式会社マスダ","3554514500924885","12/23","090702410524"
"富永 裕子","とみなが ゆうこ",38,"1983年11月23日","女","A","tominaga_yuko@example.jp","0561-71-7392","070-5646-7189","451-4476","愛知県名古屋市南区豊3-3-11","株式会社大昌","379932191741294","06/26","847674528615"
"金城 真奈美","きんじょう まなみ",55,"1967年08月14日","女","A","kinjo_manami@example.net","042-067-5921","080-2913-6557","345-5631","埼玉県春日部市一ノ割2-3-3","株式会社STC","5460043989570918","11/27","852912447169"
"井上 みすず","いのうえ みすず",29,"1993年04月08日","女","A","misuzuinoue@example.net","044-773-1200","090-9874-6847","256-1321","神奈川県相模原市緑区東橋本3-5-3レック606","有限会社井上","3579498688768200","05/24","983682662844"
"木村 雄士","きむら たけし",22,"2000年04月08日","男","B","kimura48@example.net","03-2487-1894","080-1419-3168","128-8016","東京都世田谷区成城2-5-10","株式会社ケーテック","3552554879955468","04/27","646455338228"
"儘田 直樹","ままだ なおき",68,"1954年08月07日","男","O","mamada_naoki@example.co.jp","045-601-2895","080-5360-0813","212-1899","神奈川県横須賀市船越町1-3-7","","5403564785240570","06/26","605012988345"
"森 邦弘","もり くにひろ",32,"1990年03月24日","男","O","mori_kunihiro@example.jp","09912-1-6973","090-5659-8218","897-9976","鹿児島県鹿児島市武岡3-5-9","株式会社三協","4137244500042488","02/24","643347078431"
"安部 俊郎","あべ としろう",69,"1953年02月22日","男","O","toshiroabe@example.co.jp","0162-11-8737","080-2220-3352","051-3760","北海道函館市本通3-1-505テラス415","","371486526500394","08/24","926358474640"
"西岡 里奈","にしおか りな",36,"1986年05月17日","女","B","rina_nishioka@example.jp","0154-37-3102","050-8366-0838","071-3696","北海道札幌市南区澄川三条3-4-409プラザ208","有限会社オリオン","4191780929086500","08/25","061315672596"
"三山 真英","みやま まさひで",21,"2001年07月22日","男","B","miyama_masahide@example.net","03-3466-7267","050-6577-0897","192-1551","東京都台東区千束3-5-8","有限会社ニーズ","4747672884191236","09/27","983653606218"
"村岡 直輝","むらおか なおき",47,"1975年04月17日","男","A","muraokanaoki@example.net","06-2314-7610","070-7431-2882","597-0052","大阪府東大阪市高井田西2-2-7","株式会社ムサシ","3582659668554051","05/25","480125006215"
"小林 久美","こばやし くみ",21,"2001年05月16日","女","A","kumikobayashi@example.ne.jp","0584-48-3555","080-7756-1434","504-1931","岐阜県羽島郡岐南町徳田西1-5-22","株式会社ベース","5559392912074437","10/27","160308357438"
"浅草 ゆり","あさくさ ゆり",69,"1953年06月07日","女","O","asakusa67@example.jp","03-8465-7517","050-4574-9398","208-7493","東京都千代田区外神田2-1-503","","379803030686885","09/24","268724225201"
"小林 慶子","こばやし けいこ",45,"1977年07月01日","女","O","kobayashikeiko@example.org","044-756-6987","070-2900-0339","243-9900","神奈川県横浜市鶴見区鶴見中央1-1-22","有限会社鈴木商店","4707360469125302","05/25","489934207130"
"浜岡 めぐみ","はまおか めぐみ",66,"1956年03月28日","その他・不明","AB","hamaoka_megumi@example.co.jp","06-3023-3900","070-0861-6395","536-0466","大阪府東大阪市中小阪1-3-3サンメゾン411","","3546184898671026","12/24","135388991502"
"甲斐 しんじ","かい しんじ",48,"1974年10月13日","男","A","kai_shinji@example.co.jp","0165-41-1496","080-0986-8790","009-6761","北海道札幌市中央区南十九条西2-4-3","","378707172046256","08/25","136812146520"
"伊藤 秀夫","いとう ひでお",51,"1971年04月12日","男","O","hideo_ito@example.ne.jp","0294-33-8913","090-1138-2294","313-4024","茨城県北相馬郡利根町もえぎ野台1-3-8","株式会社クリエイト","3567995362224040","10/26","131017104001"
"瀬戸山 伸治","せとやま しんじ",56,"1966年08月23日","男","A","setoyama_823@example.co.jp","03-6596-3370","090-6610-8664","186-5186","東京都豊島区南池袋2-3-4","株式会社コンフォート","5345808988917513","09/26","454691506100"
"村山 しのぶ","むらやま しのぶ",72,"1950年09月07日","その他・不明","A","murayama97@example.jp","03-9859-2430","080-6540-8276","189-3817","東京都足立区栗原3-2-8","","3544080220661952","04/23","896826353680"
"山本 優子","やまもと ゆうこ",58,"1964年01月03日","その他・不明","O","yamamotoyuko@example.net","06-4649-1707","090-2948-4923","535-2014","大阪府大阪市城東区永田3-3-3ジャルダン114","株式会社フォルテ","372897965015307","04/24","810331747876"
"塩見 奈津子","しおみ なつこ",40,"1982年02月02日","女","O","shiomi_22@example.jp","098-609-8638","050-4420-7305","905-3368","沖縄県沖縄市南桃原2-3-7","有限会社錦","4883389336756169","01/26","389309828342"
"後藤 竜","ごとう たつ",57,"1965年03月15日","男","O","goto_ryu@example.org","0568-43-2371","090-8827-7275","493-5404","愛知県大府市中央町4-3-10","有限会社たんぽぽ","5367259975941483","06/27","176632093790"
"児玉 慎司","こだま しんじ",62,"1960年06月06日","男","AB","kodama_shinji@example.com","0948-57-4549","090-2649-0986","807-4857","福岡県福岡市中央区天神2-5-15","","4683762192583616","01/24","386278576448"
"三田 英恵","みた はなえ",23,"1999年01月23日","女","A","mita_123@example.jp","03-8120-9820","070-9963-4616","112-9357","東京都渋谷区広尾2-5-607","","375069048965570","08/25","892052395532"
"佐久間 謙一","さくま けんいち",29,"1993年03月23日","男","A","sakumakenichi@example.org","06-4542-2084","050-2361-3795","592-8234","大阪府大阪市港区八幡屋3-2-6","三和建設株式会社","379877964114734","06/23","474404156170"
"佐藤 聡子","さとう さとこ",75,"1947年08月16日","その他・不明","O","sato_816@example.net","0257-35-2436","090-2714-5923","958-5282","新潟県長岡市大島新町4-1-9エーベル213","","376862585222812","05/25","851269123133"
"平賀 哲史","ひらが さとし",42,"1980年01月04日","男","O","hiraga14@example.ne.jp","06-9333-1175","090-8152-1279","570-9327","大阪府高槻市塚原2-2-17","有限会社フォーチュン","5359284401994609","05/23","268850058493"
"五十嵐 敏行","いがらし としゆき",29,"1993年05月21日","男","AB","igarashitoshiyuki@example.net","03-2060-5720","090-0987-0503","147-1854","東京都文京区千石2-2-107","","5234501926801030","05/25","446394012589"
"安藤 ちか","あんどう ちか",79,"1943年03月04日","女","A","ando34@example.org","03-3064-0796","050-8844-1660","101-3810","東京都新宿区西新宿3-2-306","","4983458424434069","03/26","276287555410"
"赤堀 暁子","あかほり あきこ",22,"2000年02月08日","女","B","akahori_akiko@example.com","042-452-2696","080-9266-1815","331-0880","埼玉県八潮市八潮3-3-6","有限会社共生","3564396274647514","10/27","615569836853"
"北口 幸一","きたぐち こういち",42,"1980年02月11日","男","B","koichikitaguchi@example.ne.jp","03-2373-7468","090-1943-1488","189-2247","東京都新宿区新宿1-3-802ラフォーレ701","株式会社千代田","372487061721766","09/24","139398998535"
"山崎 秀美","やまざき ひでみ",76,"1946年08月24日","女","A","yamazaki824@example.org","09802-2-6917","070-1544-8348","904-2938","沖縄県名護市大中3-3-8ジャルダン610","","4360564418751914","02/27","806982500103"
"秋葉 孝","あきば たかし",59,"1963年08月02日","男","AB","akibatakashi@example.ne.jp","0479-77-1385","080-2641-7642","274-7247","千葉県船橋市本町1-2-4","有限会社あけぼの","373292746691627","03/26","966502975090"
"木下 雅博","きのした まさひろ",39,"1983年06月06日","男","O","masahiro_kinoshita@example.co.jp","03-0637-9407","090-1042-8713","182-4489","東京都世田谷区用賀3-1-6","株式会社三喜","377330168041792","06/23","101584276305"
"岡村 祐希","おかむら ゆき",47,"1975年10月16日","女","A","okamura1016@example.com","0133-49-5183","090-3132-8243","065-3485","北海道足寄郡足寄町南六条2-2-1002","株式会社オネスト","4658742117993984","05/23","801653712629"
"仲井 麻記子","なかい まきこ",34,"1988年08月23日","女","B","nakai_823@example.ne.jp","06-0338-9138","090-9540-0181","587-5283","大阪府大阪市城東区今福西2-5-14","有限会社アイコー","3558744532528554","12/23","821404492490"
"五十嵐 佳世子","いがらし かよこ",24,"1998年10月22日","女","O","igarashi1022@example.org","0531-58-4852","080-7745-3754","484-4042","愛知県尾張旭市狩宿町1-3-5パークナード206","株式会社佐藤製作所","3585274546300516","03/26","154934450865"
"麻生 麻美","あそう あさみ",34,"1988年02月05日","女","B","aso25@example.org","03-6052-2308","080-5780-2165","168-0811","東京都千代田区外神田1-3-8フォルム707","株式会社HAL","5110073729312317","05/24","379196810381"
"小酒井 多恵子","こざかい たえこ",64,"1957年12月17日","女","B","kozakai1217@example.net","047-695-0096","080-1886-1323","266-1874","千葉県市川市南八幡1-5-701","","4439506729420439","05/26","734723313795"
"松澤 洋介","まつざわ ようすけ",39,"1983年05月24日","男","O","yosuke_matsuzawa@example.ne.jp","0223-41-4467","080-1986-0303","987-8901","宮城県登米市迫町佐沼字中江1-1-7","株式会社中商","5358381850504201","01/27","562032948683"
"池田 潤司","いけだ じゅんじ",75,"1947年01月19日","男","O","ikedajunji@example.jp","092-327-9261","070-3679-2116","803-9271","福岡県福岡市城南区片江3-2-3","","3537922668871636","10/25","331146677750"
"宮脇 健一","みやわき けんいち",46,"1976年05月20日","男","A","miyawaki_kenichi@example.org","0463-54-8095","070-3463-7898","217-0855","神奈川県相模原市南区東大沼1-3-16","","4114686551806186","10/25","999487151421"
"山本 一仁","やまもと かずひと",27,"1995年10月21日","男","O","yamamoto_kazuhito@example.ne.jp","03-2913-2983","070-7363-7729","198-0965","東京都杉並区西荻北3-4-6エスト510","有限会社長谷川製作所","5256229027031850","05/24","998197397773"
"山田 翔大","やまだ しょうだい",59,"1963年08月19日","男","O","yamada_819@example.org","03-3691-9547","050-5387-6061","195-9741","東京都武蔵野市境2-3-10","有限会社フリーダム","3536976425161294","06/27","476446133041"
"増田 光明","ますだ てるあき",22,"2000年06月02日","男","O","masudamitsuaki@example.ne.jp","03-1274-2481","050-8893-6127","188-7927","東京都港区赤坂2-3-4","","3544123411420042","01/23","361286319532"
"高木 雄太","たかぎ ゆうた",32,"1990年07月21日","男","A","yutatakagi@example.co.jp","03-6249-2068","070-5043-8558","154-2362","東京都江戸川区東小岩1-1-9","株式会社豊栄","375246404828549","01/26","818555176905"
"諏訪 丈","すわ じょー",49,"1973年01月07日","男","O","suwajoe@example.co.jp","03-1002-5549","090-3033-8659","133-8647","東京都品川区旗の台3-1-6","有限会社ウエダ","3577077900074514","03/24","355709774207"
"中崎 温子","なかざき あつこ",27,"1995年08月05日","女","A","nakazaki_atsuko@example.org","03-1615-2518","080-8701-8381","124-3022","東京都世田谷区粕谷3-1-309","有限会社シャイン","5214184540529495","01/27","210488631360"
"上野 高史","うえの たかふみ",28,"1994年02月21日","男","B","uenotakashi@example.jp","0460-51-8599","050-1426-6151","219-9118","神奈川県川崎市多摩区東生田2-1-10","株式会社タイセイ","4396618627399002","10/23","136031540452"
"喜納 悠","きな ひさし",48,"1974年10月02日","男","AB","kina102@example.net","0478-94-2246","050-5791-7494","281-2833","千葉県流山市南流山3-2-10","有限会社ハッピー","4953800102886332","01/26","441624438511"
"平井 幸雄","ひらい ゆきお",54,"1968年06月21日","その他・不明","O","yukiohirai@example.org","03-9030-0527","090-7985-2811","160-1463","東京都杉並区荻窪2-3-5ペルル809","株式会社ミナミ","370788571511726","01/23","363308908491"
"桶谷 康弘","おけたに やすひろ",38,"1984年06月21日","男","O","oketani_621@example.net","03-4029-3334","090-7088-8877","104-6677","東京都北区赤羽西2-5-304","","4270766290699439","01/24","839444197838"
"片山 敏雄","かたやま としお",20,"2002年02月20日","男","B","katayamatoshio@example.ne.jp","03-7018-6841","070-7807-9920","144-6014","東京都港区虎ノ門1-5-16","有限会社コスモ企画","5152083191605774","01/24","300912699130"
"日浦 咲紀","ひうら さき",63,"1959年05月19日","女","O","hiura_519@example.com","078-855-4776","070-4204-3665","668-8395","兵庫県尼崎市南武庫之荘3-4-605","","4023100323143951","12/24","087744784628"
"森 拓磨","もり たくま",43,"1979年01月26日","その他・不明","B","takumamori@example.ne.jp","0577-04-1953","070-6597-0376","501-6397","岐阜県羽島郡岐南町八剣北3-4-509","株式会社よつば","5491415398147293","04/24","640634945244"
"山本 さつき","やまもと さつき",40,"1982年04月05日","女","A","satsuki_yamamoto@example.net","01466-8-0567","080-5614-0394","048-5263","北海道釧路市南大通4-1-3リッツ106","株式会社オービット","375896174421220","07/24","034404646089"
"村中 豊","むらなか ゆたか",33,"1989年10月12日","男","A","muranaka_1012@example.jp","03-2070-6173","070-3924-8887","104-4448","東京都港区六本木3-2-18","有限会社ストリーム","370079711687034","03/23","942160750699"
"古市 拓海","ふるいち たくみ",52,"1969年11月30日","男","O","takumifuruichi@example.org","042-386-5634","080-4435-0039","341-3285","埼玉県熊谷市銀座2-4-18","アルファ株式会社","379756630929958","07/24","755793070595"
"中村 由美","なかむら ゆみ",36,"1985年12月01日","女","A","yuminakamura@example.co.jp","0555-71-0845","090-1898-3320","402-9360","山梨県甲府市住吉3-3-10","有限会社福田商事","3529666781797737","09/26","624970109769"
"直江 由佳","なおえ ゆか",74,"1948年05月08日","女","A","yuka_naoe@example.co.jp","04-5061-9980","080-1505-7722","336-3424","埼玉県川口市本町1-1-3","","5387955874584797","06/25","663991723063"
"山本 真一","やまもと しんいち",30,"1992年03月25日","男","B","shinichi_yamamoto@example.jp","079-537-2652","080-3701-8694","661-6429","兵庫県姫路市安田3-5-16","","4932152757044213","09/25","082121354825"
"藤谷 学","ふじたに まなぶ",29,"1993年04月24日","男","A","fujitani_manabu@example.co.jp","06-3342-3689","050-0769-4033","552-4114","大阪府松原市別所3-1-5","株式会社トーワ","5162249887872923","10/27","633634697821"
"鈴木 靖","すずき やすし",66,"1956年04月28日","男","A","suzuki428@example.com","0798-41-5724","050-9233-6704","658-2931","兵庫県川西市大和西3-3-602","","3582100385081144","12/22","909013177030"
"鎌田 香澄","かまた かすみ",55,"1967年07月20日","女","B","kamata_kasumi@example.co.jp","03-7521-6664","070-0918-0649","189-4370","東京都豊島区池袋2-3-4","有限会社夢工房","3550467124284752","11/23","755333345553"
"高橋 正人","たかはし まさと",65,"1957年11月10日","男","B","masato_takahashi@example.net","078-707-3427","050-6885-8682","672-8211","兵庫県川西市けやき坂2-3-201","","370388412452246","07/26","827280529844"
"毛利 みづき","もうり みづき",60,"1962年07月18日","女","A","mouri718@example.ne.jp","03-6480-6655","090-0028-2412","166-8909","東京都町田市金森東3-1-8","","4838896243718641","06/27","733671477992"
"丹羽 千紗","にわ ちさ",50,"1972年03月17日","女","A","niwa_317@example.jp","03-0277-8609","090-8299-6321","187-3324","東京都多摩市愛宕1-3-5","株式会社松本商店","3565769240117003","01/26","608956127180"
"大久保 久美子","おおくぼ くみこ",37,"1984年12月14日","女","A","okubo1214@example.net","0531-75-0680","090-7844-5162","482-4962","愛知県みよし市根浦町3-2-801","有限会社プラム","5248124798187224","11/24","600022171191"
"田中 和貴子","たなか わきこ",40,"1982年04月23日","女","AB","tanaka423@example.com","01632-6-2258","080-3082-3597","064-8710","北海道札幌市豊平区平岸三条4-3-3","株式会社SENSE","376205877006362","02/27","862809449558"
"澤 賢太","さわ けんた",37,"1985年07月02日","その他・不明","A","kentasawa@example.com","0567-90-3929","080-8453-0081","490-9189","愛知県豊橋市中岩田3-4-14","","372887134948488","03/25","847934694522"
"田村 稔久","たむら としひさ",73,"1949年04月29日","男","AB","tamura_429@example.jp","03-9566-8244","090-9559-7977","198-9548","東京都葛飾区新宿1-2-16アパ606","","3550287870577468","02/23","376153288917"
"村島 佳織","むらしま かおり",73,"1949年04月06日","女","A","murashima46@example.com","0778-23-9929","070-8399-1204","915-2614","福井県鯖江市舟津町3-5-602","","4444012152620960","11/25","192422366640"
"小坂 裕志","こさか ゆうし",68,"1954年11月02日","男","O","kosaka112@example.org","03-0854-8701","050-3599-4408","149-9364","東京都港区南青山2-4-707","","5172186840437469","05/25","313940904399"
"内山 健","うちやま けん",34,"1988年05月10日","男","O","kenuchiyama@example.co.jp","03-0187-1275","070-7442-6056","141-3836","東京都板橋区板橋2-2-5","有限会社みなみ","370754614902736","03/26","377355983478"
"鷲見 潤","すみ じゆん",46,"1976年03月01日","男","AB","sumijun@example.net","0954-14-4769","080-6397-3289","847-8834","佐賀県鳥栖市蔵上2-2-7","有限会社オーテック","5141312187355597","06/27","751661743765"
"神田 卓男","かんだ たくお",35,"1987年03月12日","男","B","kanda_takuo@example.co.jp","044-144-8097","070-6635-6241","210-4911","神奈川県大和市中央2-2-10","株式会社ユーシン","374612885323865","08/25","883471029237"
"齊藤 一輝","さいとう かずき",26,"1996年01月20日","男","B","saitokazuki@example.net","03-1278-1708","050-6344-5722","116-2585","東京都渋谷区恵比寿2-3-15","株式会社光和","3536751695833439","11/27","731517815203"
"田中 浩明","たなか ひろあき",22,"2000年04月15日","男","A","tanakahiroaki@example.com","0436-28-1682","070-0253-0407","294-2701","千葉県市川市大野町1-2-703グリーンコーポ613","","377910882657674","12/24","505260323169"
"星野 賢二","ほしの けんじ",53,"1969年07月09日","その他・不明","O","kenjihoshino@example.com","03-0143-5140","050-5676-6113","126-6598","東京都港区六本木1-3-5","株式会社リベルタ","5355993351315722","11/23","845590729574"
"坂本 正士","さかもと まさし",55,"1967年11月15日","男","O","masashi_sakamoto@example.org","0568-91-9665","090-0695-1087","454-6962","愛知県豊田市美里1-1-15","株式会社ティーエム","3541465499658974","04/25","087593150044"
"神谷 有希","かみや ゆき",50,"1972年05月07日","女","B","yukikamiya@example.com","03-3835-1321","070-6278-6724","113-4627","東京都文京区千石2-1-5","株式会社MJ","5116198937316885","05/23","867147830720"
"中島 幸平","なかじま こうへい",69,"1953年07月25日","男","A","nakajima_kohei@example.ne.jp","03-9994-2898","070-5252-2828","202-9302","東京都新宿区四谷2-4-20シティテラス809","","4511460657519302","08/24","443028422040"
"波多野 千鶴","はたの ちづる",39,"1982年11月20日","女","O","chizuru_hatano@example.net","03-8144-7804","080-6099-9579","138-3430","東京都葛飾区四つ木2-4-11","株式会社エクシード","378646742453610","05/26","200947392483"
"杉本 敦弘","すぎもと あつひろ",67,"1955年02月08日","男","A","sugimoto28@example.ne.jp","03-6672-5064","090-0036-6692","184-4072","東京都台東区浅草1-3-14","","5529698766242210","04/27","101663249887"
"片山 孝夫","かたやま たかお",35,"1987年08月19日","男","O","katayamatakao@example.co.jp","06-7659-2784","080-0448-0277","570-8542","大阪府箕面市小野原東2-2-6","株式会社ハイテック","4530493554317246","01/27","460367241358"
"佐久間 奈月","さくま なつき",53,"1969年01月15日","女","B","natsukisakuma@example.jp","03-2687-1139","050-1037-6836","203-4471","東京都新宿区高田馬場3-1-13","株式会社ZERO","3560000934069598","02/27","871404316240"
"岡田 秀明","おかだ ひであき",73,"1949年06月30日","男","A","hideaki_okada@example.jp","055-540-5273","090-7214-9855","406-2083","山梨県甲府市千塚2-5-5","","379391775040427","07/23","527221464425"
"馬場 航","ばば わたる",37,"1985年02月12日","男","O","baba_212@example.jp","03-9482-1703","070-8150-4383","129-2790","東京都港区西麻布3-2-17","株式会社ファーストステップ","4289307997596393","05/24","452251226650"
"福田 真樹","ふくだ まさき",55,"1967年01月26日","女","B","fukuda_126@example.com","0280-76-2265","080-6694-0192","305-1454","茨城県日立市大久保町3-1-8","有限会社未来","379118688579377","05/25","025357578453"
"福田 俊夫","ふくだ としお",53,"1969年02月06日","男","B","fukudatoshio@example.org","06-5307-9460","080-0878-6349","587-1542","大阪府大阪市中央区淡路町2-1-17","","374719412442173","04/25","133969475790"
"高野 雅幸","たかの まさゆき",38,"1984年03月13日","男","B","takanomasayuki@example.com","0946-43-9012","090-8648-0849","807-4367","福岡県福岡市博多区博多駅前2-3-6","株式会社なかむら","375243523559832","04/23","282781464916"
"鈴木 恭子","すずき きょうこ",46,"1976年07月06日","女","B","suzuki76@example.jp","03-8623-7669","090-8526-8992","113-9187","東京都豊島区西巣鴨3-3-7","株式会社ダイシン","5265028546834896","10/24","520240986926"
"西城 多恵子","さいじょう たえこ",69,"1953年02月04日","女","O","taekosaijo@example.com","0774-13-8508","080-7729-6090","618-6609","京都府宇治市折居台2-5-18","","4957678614822052","08/25","598516204462"
"小野 敦","おの あつし",66,"1956年10月09日","男","A","onoatsushi@example.net","03-0108-7163","080-3334-3558","141-2751","東京都板橋区板橋3-4-806","","3587035842748197","02/23","754328314139"
"田中 啓輔","たなか けいすけ",69,"1953年08月23日","男","B","tanaka_823@example.co.jp","06-8491-7212","070-1314-0706","598-1033","大阪府大阪市港区弁天3-4-907","","5273932835602262","05/25","489673103668"
"門田 貴子","かどた たかこ",42,"1980年10月03日","女","AB","takako_kadota@example.com","0480-24-4743","080-1403-5342","367-1018","埼玉県行田市長野1-2-20","株式会社Kコーポレーション","379695646283440","11/27","764291693121"
"大城 伸介","おおしろ しんすけ",73,"1949年03月27日","その他・不明","B","oshiro_327@example.ne.jp","06-6220-2802","080-5056-4198","544-0523","大阪府吹田市佐井寺1-5-6","","4057211835987923","01/27","134997459284"
"柴原 孝雄","しばはら たかお",57,"1965年04月10日","男","O","takao_shibahara@example.co.jp","03-4560-3238","080-4137-2150","135-5796","東京都板橋区徳丸4-1-10マストメゾン516","","4466823033255450","10/24","206450331233"
"杉本 明弘","すぎもと あきひろ",76,"1946年07月31日","男","B","sugimoto_akihiro@example.jp","03-4990-7765","050-1586-5493","203-1438","東京都港区虎ノ門3-3-19","","3557579263353702","08/24","226450188105"
"木村 章子","きむら あきこ",36,"1986年06月12日","女","B","akikokimura@example.jp","09496-4-9589","080-8364-0041","833-8775","福岡県久留米市長門石1-4-11","有限会社ユーテック","3566944000365972","05/24","493116258176"
"矢澤 智浩","やざわ ともひろ",52,"1970年02月16日","男","O","yazawa_tomohiro@example.org","03-2013-4635","090-2457-9895","128-6059","東京都杉並区西荻南3-3-8","有限会社佐藤製作所","3535533626101297","05/25","285843097159"
"菅沼 達也","すがぬま たつや",22,"2000年11月01日","男","A","suganumatatsuya@example.net","06-6486-5738","070-5740-3454","549-9955","大阪府大阪市中央区南船場1-1-908","有限会社中村製作所","370398808585053","12/22","648275048534"
"赤松 綾佳","あかまつ あやか",74,"1948年04月17日","女","A","akamatsuayaka@example.org","0972-67-4994","050-3054-7745","875-6433","大分県大分市都町3-4-14ファミリーコーポ315","","5207277884171319","06/26","596929110226"
"渡邊 翔","わたなべ しょう",54,"1968年06月04日","男","B","sho_watanabe@example.org","03-3468-6162","070-0694-3376","101-8438","東京都江戸川区東小岩2-1-1007","エース株式会社","5388142360770532","05/23","519368590113"
"佐藤 直樹","さとう なおき",48,"1974年08月14日","男","A","sato_naoki@example.com","03-2656-3391","090-3727-8886","155-1284","東京都文京区湯島3-2-4","有限会社タスク","5403806143384479","08/27","529069885412"
"杉原 達也","すぎはら たつや",58,"1964年11月09日","男","B","tatsuyasugihara@example.jp","03-7299-5007","080-0606-5289","136-0205","東京都世田谷区瀬田1-2-7","株式会社ラポール","4962024779027968","03/23","674892662526"
"村上 速人","むらかみ はやと",36,"1986年09月15日","男","A","hayato_murakami@example.co.jp","06-4561-9841","050-6758-5968","539-7463","大阪府大阪市中央区南本町3-3-4エムプラザ612","株式会社中央","4355180312204632","10/25","433696620818"
"古田 安曇","ふるた あずみ",48,"1973年11月18日","女","O","furuta1118@example.ne.jp","03-7364-8259","070-5868-9826","162-3155","東京都江戸川区鹿骨1-3-6","株式会社大翔","378111970319009","10/26","659257932356"
"齋藤 健治","さいとう けんじ",39,"1983年08月15日","男","A","kenjisaito@example.co.jp","082-577-5855","050-0675-8045","731-0134","広島県東広島市西条中央1-4-19","有限会社カワムラ","5398014686331034","07/26","432867726605"
"伊東 寿和","いとう としかず",32,"1990年07月19日","男","O","ito_toshikazu@example.co.jp","045-574-3684","090-0014-2678","249-7215","神奈川県綾瀬市大上3-3-20","株式会社ワイズコーポレーション","5173469208767480","01/23","702113810704"
"大江 綾子","おおえ あやこ",26,"1996年01月18日","女","O","ayako_oe@example.net","06-3648-0375","090-1647-5324","570-4231","大阪府八尾市久宝寺2-4-21","有限会社アイコーポレーション","5351097764476206","09/23","909147001892"
"櫻井 祐美","さくらい ゆみ",39,"1983年02月03日","女","O","sakurai_yumi@example.ne.jp","0493-04-8962","080-5282-8099","335-5172","埼玉県川口市川口1-4-502","有限会社オザワ","3586170633386062","03/27","741233187445"
"菅原 賢一","すがわら けんいち",76,"1946年03月06日","男","O","sugawara_kenichi@example.co.jp","03-5353-7470","070-9342-3062","111-5839","東京都墨田区立川3-2-8","","3559808356065289","06/23","260734121055"
"藤原 まゆみ","ふじわら まゆみ",60,"1962年01月05日","女","O","mayumi_fujiwara@example.co.jp","0587-48-4071","090-5733-2355","490-9981","愛知県名古屋市南区鳴浜町3-3-4","","372902283258793","01/26","201490444438"
"寺下 淳","てらした じゅん",56,"1966年01月17日","男","B","jun_terashita@example.com","03-1280-9269","070-3332-1608","187-8764","東京都稲城市若葉台2-1-10","有限会社トーワ","3547276747659837","05/23","570027765530"
"林 徹","はやし とおる",78,"1944年10月14日","男","B","hayashi1014@example.jp","06-0265-7699","050-6203-9504","558-6652","大阪府豊中市螢池中町1-3-608","","5169632297089084","11/22","420675268273"
"大蔵 孝子","おおくら たかこ",27,"1995年03月05日","その他・不明","A","okuratakako@example.net","06-2633-3121","070-3255-4959","586-4750","大阪府大阪市北区西天満3-1-13","有限会社オリジン","3534165880456892","06/26","245064327090"
"柏木 浩","かしわぎ ひろし",39,"1983年04月19日","男","O","kashiwagi_hiroshi@example.com","03-9770-2812","080-3422-2626","190-2418","東京都台東区台東3-1-17ゾフィー606","有限会社リード","4524547044278934","01/27","212310543192"
"山本 淳一郎","やまもと じゅんいちろう",49,"1973年05月10日","男","A","junichiroyamamoto@example.net","092-448-2147","050-6819-8989","832-1228","福岡県福岡市中央区六本松1-1-20ネオダイキョー714","有限会社富士商事","4506978160280929","12/22","203212522161"
"大井 康弘","おおい やすひろ",51,"1971年10月15日","その他・不明","O","oi_1015@example.jp","083-892-3005","090-3661-3631","758-8810","山口県周南市秋月2-1-3","株式会社M’s","3570135677974246","08/26","682142440893"
"岩谷 卓","いわたに すぐる",69,"1953年07月03日","男","A","iwatani_taku@example.ne.jp","084-743-3896","070-5009-8624","733-1048","広島県広島市中区大手町2-2-3","","371409265137517","09/26","984243518253"
"佐藤 淳","さとう じゅん",31,"1991年09月14日","男","O","junsato@example.ne.jp","0943-21-0962","090-9167-9317","831-7998","福岡県福岡市博多区博多駅前1-3-403","有限会社菊屋","3529294858273472","05/25","943136975473"
"白井 ゆきこ","しらい ゆきこ",25,"1997年10月06日","女","AB","shiraiyukiko@example.ne.jp","06-6441-7575","050-3357-5260","536-5813","大阪府吹田市江坂町1-5-19","有限会社菊屋","5263445305576181","12/24","072980648592"
"渡辺 朋和","わたなべ ともかず",44,"1978年07月18日","男","A","tomokazuwatanabe@example.jp","0562-08-7814","070-1382-8375","489-0291","愛知県春日井市高蔵寺町1-5-13","株式会社エイワ","372523517759347","10/25","596815307941"
"佐々木 京子","ささき きょうこ",67,"1955年06月30日","女","B","sasaki_kyoko@example.com","06-1045-3167","080-0891-1762","595-9686","大阪府大阪市中央区本町1-3-6","","4635309334953536","04/24","173897353174"
"池田 清","いけだ きよし",61,"1961年05月16日","男","AB","ikeda_kiyoshi@example.ne.jp","03-6475-6012","090-6379-0663","136-8578","東京都新宿区高田馬場2-5-22","","4511239243881842","02/25","600762546776"
"仁科 翔","にしな しょう",54,"1968年09月12日","男","A","nishina_sho@example.ne.jp","0195-36-2832","050-8894-0552","022-1384","岩手県北上市常盤台2-1-21","協和商事株式会社","4944785466903041","07/26","203823671669"
"中島 和夫","なかじま かずお",53,"1969年04月03日","男","O","nakajima_43@example.org","06-6238-1128","090-5868-1232","570-8118","大阪府大阪市淀川区塚本4-3-4","株式会社スクラム","3556711231900972","06/25","218779008180"
"北 一樹","きた かずき",57,"1965年02月23日","男","A","kazukikita@example.ne.jp","042-745-7860","050-6562-6982","339-9713","埼玉県さいたま市岩槻区城南3-1-6ゾフィー315","","5280402506429156","06/26","278637777406"
"竹原 望","たけはら のぞみ",42,"1980年08月23日","女","O","takehara823@example.jp","03-3434-1687","090-3544-1019","100-6648","東京都板橋区板橋3-2-4","有限会社ナカヤ","375143851055678","12/24","264770569360"
"美川 美加","みかわ みか",65,"1957年08月21日","女","A","mika_mikawa@example.com","0139-31-1122","070-4196-2508","069-5067","北海道札幌市中央区北四条西1-2-10","","3566293361585475","07/25","572392093030"
"高橋 さとみ","たかはし さとみ",64,"1958年08月07日","女","O","satomi_takahashi@example.co.jp","0133-24-9995","070-0348-1816","075-2472","北海道札幌市北区拓北七条2-4-1203","","4907608853845572","04/23","335330892414"
"浜田 匡史","はまだ まさし",32,"1990年09月24日","男","A","hamadatadashi@example.net","0154-22-3985","080-2903-3398","087-8774","北海道釧路市緑ケ岡3-2-16ソルディオ102","株式会社アスト","3551394420299244","01/23","845455563011"
"佐々木 彩佳","ささき あやか",69,"1953年05月30日","女","A","ayakasasaki@example.net","0949-64-7481","070-6893-1733","831-7225","福岡県福岡市博多区西春町1-3-4","","374925510621093","06/27","221391338716"
"藤井 興平","ふじい こうへい",63,"1959年05月21日","男","A","kohei_fujii@example.jp","03-2916-3039","080-0842-4483","119-8596","東京都目黒区八雲1-3-305","","4649396195332433","07/27","059453834110"
"田川 将太郎","たがわ しょうたろう",32,"1990年02月23日","男","O","tagawa223@example.co.jp","015-781-4665","090-9393-9969","001-1580","北海道旭川市永山三条1-4-7","株式会社アレス","378793236609271","09/23","844304830330"
"赤津 高広","あかつ たかひろ",47,"1975年09月11日","男","A","akatsu911@example.org","03-1204-8279","080-0369-0292","125-2270","東京都品川区南品川1-3-10クレアガーデン615","有限会社クレスト","4040679310808972","04/25","766079509461"
"池田 恒平","いけだ こうへい",28,"1993年12月22日","男","A","ikeda1222@example.com","048-223-4261","050-2862-3907","344-1838","埼玉県北葛飾郡杉戸町杉戸2-3-3","株式会社リライフ","4621565856001626","04/27","007379376767"
"中尾 悠","なかお ひさし",39,"1983年08月31日","男","O","nakao_831@example.com","03-1554-0726","090-1940-3496","145-5310","東京都足立区伊興1-1-4","株式会社アイエス","5455705462239438","03/24","755508679859"
"森本 佑樹","もりもと ゆうき",74,"1948年10月28日","男","O","yukimorimoto@example.co.jp","06-5309-4419","050-3928-4573","551-0024","大阪府摂津市鶴野3-4-21","","5176520445260536","01/23","536291763534"
"稲田 昌平","いなだ しょうへい",69,"1953年06月16日","男","A","inada_shohei@example.com","0563-65-0519","090-0488-7917","460-4950","愛知県名古屋市港区稲永1-1-9","","3550616209083634","05/23","084070760044"
"弓削 真季","ゆげ まき",53,"1969年05月28日","女","A","yugemaki@example.jp","0287-90-9652","050-7670-5088","328-9479","栃木県小山市駅南町1-2-14","株式会社ユウシン","4705688165454044","05/24","137159005149"
"阿部 しおり","あべ しおり",42,"1980年02月16日","女","O","shioriabe@example.co.jp","0466-99-6398","090-7499-3487","213-3842","神奈川県横須賀市池上3-1-3","株式会社ルピナス","4499011164054527","06/27","012887403633"
"牧野 真男","まきの まさお",34,"1988年07月27日","男","B","makinomasao@example.org","083-008-5561","070-9114-3666","748-8286","山口県山口市大内御堀1-2-808","株式会社ウチダ","371000639958769","09/24","104999646255"
"別府 由美子","べっぷ ゆみこ",75,"1947年06月13日","その他・不明","O","beppu_613@example.ne.jp","0494-82-4130","090-0137-3552","354-5219","埼玉県さいたま市南区内谷2-4-20","","4336002543853298","06/26","982032227241"
"小島 和重","こじま かずしげ",79,"1943年09月09日","男","AB","kojima99@example.ne.jp","03-1975-3596","080-3118-7399","135-2942","東京都世田谷区砧1-2-7","","3553314947636064","12/23","391990602238"
"石垣 智英","いしがき ともひで",71,"1951年02月25日","男","O","ishigaki225@example.ne.jp","078-467-0016","070-0868-8819","678-4756","兵庫県尼崎市塚口町2-5-22","","3541578648449473","07/26","909901522098"
"三上 剛","みかみ つよし",22,"1999年12月19日","男","O","mikami_1219@example.net","03-9263-7088","070-1312-1339","202-8068","東京都港区西麻布3-3-11","有限会社コマツ","4443251906001033","07/25","801511502368"
"菊井 友輝","きくい ゆうき",39,"1983年02月20日","男","B","kikuitomoki@example.com","044-205-6465","090-4171-5832","240-7396","神奈川県横浜市南区中里2-5-12","株式会社オール","4391137976378355","08/26","805327852270"
"石河 忠司","いしかわ ただし",54,"1968年02月24日","男","O","tadashi_ishikawa@example.jp","06-5120-8569","070-6610-4290","589-5115","大阪府大阪市中央区南船場3-2-8","株式会社北斗","3535909088818786","05/27","731969801897"
"平井 直樹","ひらい なおき",72,"1950年06月30日","男","A","hirainaoki@example.org","03-9125-2653","080-3182-9660","109-6518","東京都新宿区西新宿1-3-6","","4070299580536311","08/23","944203257943"
"平井 忠義","ひらい ただよし",41,"1981年01月04日","男","B","hirai14@example.co.jp","0223-64-5517","080-9649-1940","982-6679","宮城県仙台市青葉区中山4-1-5","","378035040791121","01/24","810065092354"
"木下 裕康","きのした ひろやす",30,"1992年08月12日","その他・不明","B","kinoshita_812@example.org","0439-19-5488","050-7216-8484","273-8177","千葉県浦安市猫実3-1-808","株式会社セカンド","5312809130991488","04/27","127224795548"
"野口 智子","のぐち ともこ",48,"1974年03月12日","女","A","noguchi_tomoko@example.net","0176-01-7250","070-2257-4581","038-6120","青森県青森市西大野3-1-22","","3532381651973518","02/26","846259679547"
"三好 明日香","みよし あすか",27,"1995年01月21日","女","A","asukamiyoshi@example.co.jp","0884-52-7748","050-8445-5791","777-0679","徳島県徳島市西船場町3-1-9","有限会社大樹","3573757822856593","06/27","291200348812"
"有田 梢","ありた こずえ",78,"1944年10月29日","女","A","kozuearita@example.jp","0257-35-7065","070-3963-1386","947-3883","新潟県新潟市東区東中野山2-2-4","","3554388158711328","05/23","854995665483"
"島 美華","しま みか",23,"1999年04月03日","女","A","mikashima@example.co.jp","06-7627-1304","050-2833-3661","569-3008","大阪府東大阪市善根寺町4-2-10クレオ507","株式会社伊藤組","5264218722690995","11/25","505439338940"
"石原 陽子","いしはら ようこ",61,"1961年03月01日","女","A","ishihara_yoko@example.co.jp","046-688-3375","070-0888-7867","216-8840","神奈川県川崎市宮前区東有馬1-1-13","","376176768529079","04/25","044712041738"
"中村 啓太","なかむら けいた",31,"1991年03月19日","男","A","nakamurakeita@example.ne.jp","0883-03-7817","050-9220-6701","773-8337","徳島県徳島市北沖洲3-5-20","有限会社山一","5572434372165827","06/25","757192377335"
"樺島 知昭","かばしま ともあき",65,"1957年02月24日","男","AB","tomoaki_kabashima@example.jp","03-5991-8521","080-4136-4412","128-3491","東京都渋谷区千駄ヶ谷1-4-504","","3535337088440544","04/23","859950705230"
"高木 玲子","たかぎ れいこ",21,"2001年04月22日","女","B","takagi422@example.ne.jp","03-1962-0734","070-6316-0386","124-0794","東京都江戸川区上篠崎2-4-9","","4987623503858274","09/25","849380963723"
"井原 和也","いはら かずや",64,"1957年11月25日","男","O","kazuya_ihara@example.com","03-7966-0715","080-7130-4063","123-3752","東京都練馬区大泉町1-3-4","","5420861871572752","06/24","439969957282"
"吉野 真衣","よしの まい",35,"1987年08月23日","女","B","yoshino_mai@example.jp","03-2706-8672","090-4159-9634","149-1934","東京都文京区湯島2-2-4","株式会社STK","3559106689208779","08/23","340646626515"
"大坪 彩夏","おおつぼ あやか",58,"1964年03月06日","女","O","otsubo_ayaka@example.net","044-665-7221","080-5376-2571","251-3546","神奈川県横浜市中区末吉町3-1-3","有限会社ニシムラ","5536369862804938","10/24","040750952552"
"前田 三紀子","まえだ みきこ",63,"1959年05月01日","女","B","maedamikiko@example.jp","03-2589-7961","070-3146-1001","153-7564","東京都八王子市中野上町4-3-7","","5472104180066662","07/23","214902860045"
"小林 雅彦","こばやし まさひこ",50,"1972年10月01日","男","AB","masahikokobayashi@example.ne.jp","03-4060-4558","050-1897-8742","120-1684","東京都中央区築地1-1-4","有限会社山田商事","5260213415595621","12/25","214580418902"
"信太 綾香","しだ あやか",77,"1945年06月12日","女","B","shida_612@example.net","0493-24-5785","080-7629-3125","362-4502","埼玉県越谷市弥栄町2-5-20レックスガーデン508","","4258478725490253","02/23","432267898410"
"仲 和貴","なか かずき",43,"1979年04月27日","男","B","naka_kazutaka@example.co.jp","03-0316-7197","050-5087-7435","164-2425","東京都板橋区板橋1-2-10ハイム101","株式会社INFINITY","4020985995145349","09/25","057373666728"
"宮脇 和典","みやわき かずのり",31,"1991年07月20日","男","B","kazunorimiyawaki@example.co.jp","06-6506-6019","080-8820-7559","549-4236","大阪府大阪市旭区赤川3-3-6","有限会社サクシード","3531349476075125","02/26","365528801810"
"鈴木 晴彦","すずき はるひこ",44,"1978年05月12日","男","A","suzuki_haruhiko@example.ne.jp","03-8601-4772","080-7253-7259","172-0950","東京都墨田区太平3-2-22","有限会社アマノ","372110303422841","05/23","899322432693"
"堀江 由美子","ほりえ ゆみこ",24,"1998年03月01日","女","O","yumiko_horie@example.ne.jp","0829-70-8687","090-2254-5469","731-3705","広島県広島市安芸区矢野東2-1-305","旭産業株式会社","371826566574231","01/26","272953669625"
"井上 尚美","いのうえ なおみ",31,"1991年10月30日","女","O","inoue_1030@example.org","03-0525-6182","070-6384-1045","135-8195","東京都三鷹市下連雀4-2-7","株式会社MSK","3574554188916734","12/25","460807930339"
"松岡 涼平","まつおか りょうへい",35,"1987年05月22日","男","B","matsuoka_522@example.net","01654-0-1579","070-9122-7210","084-1209","北海道札幌市中央区北二条西3-1-10","有限会社オグラ","5301691776841471","09/25","657747352215"
"村井 修","むらい おさむ",75,"1947年10月20日","男","AB","osamumurai@example.ne.jp","0544-42-1052","080-4484-1905","424-3698","静岡県静岡市清水区蒲原1-5-19","","379952831803742","05/24","016531718554"
"木崎 孝幸","きざき たかゆき",77,"1944年12月07日","男","B","kizakitakayuki@example.ne.jp","0949-02-7691","070-2548-0420","805-2906","福岡県福岡市博多区吉塚2-3-17","","4508180342643680","01/26","432719665966"
"稲葉 一美","いなば かずみ",80,"1942年07月09日","女","B","kazumi_inaba@example.ne.jp","0436-56-2029","050-4222-2615","281-2453","千葉県船橋市三山1-4-6","","379472834444709","02/25","559519733550"
"高島 美鈴","たかしま みすず",29,"1993年08月27日","女","O","takashima827@example.ne.jp","0940-23-1134","070-6190-8647","838-2005","福岡県大牟田市本町1-1-18ハーティネス414","","5564209141261630","06/25","121739089150"
"永田 美穂","ながた みほ",31,"1990年11月22日","女","A","miho_nagata@example.co.jp","03-6140-2224","070-9928-4547","127-8723","東京都港区赤坂3-3-11オーキッド710","","5518708183083999","06/26","243309761782"
"島 裕恵","しま ひろえ",59,"1963年08月07日","女","A","hiroeshima@example.com","06-3507-4116","070-5917-0275","532-7679","大阪府大阪市中央区高麗橋2-2-3","有限会社幸和","3585459064866994","06/24","161936508654"
"柴田 麻美子","しばた まみこ",61,"1961年01月10日","女","O","shibata_mamiko@example.jp","0153-68-0293","050-1947-8971","065-3763","北海道浦河郡浦河町大通3-2-18","","377684149117315","12/22","714422473982"
"和泉 旬子","いずみ じゅんこ",50,"1972年01月23日","その他・不明","B","izumi_123@example.net","0439-40-4321","090-7059-5176","283-4618","千葉県佐倉市ユーカリが丘1-3-601バンベール416","株式会社青空","3572398460966567","04/24","959650876607"
"野呂 ともみ","のろ ともみ",29,"1993年08月18日","女","B","noro_818@example.jp","04-9828-7872","080-9837-8101","290-3172","千葉県木更津市岩根3-3-10アドリーム202","有限会社中村","3581084906190611","03/24","853479858783"
"仁井田 由佳","にいだ ゆか",61,"1961年03月06日","女","O","yuka_niida@example.ne.jp","079-017-7351","080-2054-1966","660-9018","兵庫県神戸市灘区船寺通3-2-9","","5582856183065416","01/26","259690279561"
"斉藤 和男","さいとう かずお",28,"1994年11月07日","男","A","saitokazuo@example.org","0949-87-1419","090-4650-7320","833-7080","福岡県那珂川市仲2-3-10","株式会社エルフ","5234747070502979","07/26","496881427449"
"阿部 美紀子","あべ みきこ",20,"2001年12月04日","女","B","abe_mikiko@example.net","03-7671-3691","080-7343-4572","187-6676","東京都江東区北砂2-1-9","株式会社H＆K","3558703776278573","09/26","870395283086"
"渡邊 博基","わたなべ ひろき",27,"1995年11月03日","男","B","hiroki_watanabe@example.jp","03-3929-3594","070-2225-7693","123-4314","東京都足立区大谷田1-2-12","有限会社伊藤","3539164128692561","04/24","241758087120"
"大江 智子","おおえ ともこ",76,"1946年04月13日","女","A","oe_413@example.com","0465-38-8469","080-2232-6954","219-5222","神奈川県川崎市幸区南加瀬3-4-1107","","379424305030285","08/27","432952645274"
"清水 靖子","しみず やすこ",36,"1986年05月19日","女","A","shimizuyasuko@example.net","06-2831-4396","070-4934-9301","568-5373","大阪府大阪狭山市今熊3-3-6ニチモグリーンタウン810","有限会社タスク","377367224924009","11/22","182465384892"
"竹内 かおり","たけうち かおり",65,"1957年07月07日","女","AB","takeuchi77@example.co.jp","03-4828-1819","080-2904-2228","207-0947","東京都板橋区赤塚3-1-18","","374555858782544","06/26","641856763434"
"山口 弘子","やまぐち ひろこ",58,"1964年09月01日","女","A","yamaguchi91@example.net","03-4375-7838","080-0789-8024","206-9248","東京都台東区蔵前1-1-107","株式会社ハートランド","5401210686684381","12/22","189220922338"
"遠藤 亮","えんどう りょう",70,"1951年12月16日","男","A","endo1216@example.ne.jp","0463-35-1483","050-8334-1190","233-3377","神奈川県横浜市青葉区美しが丘2-1-9","","4024738505803790","05/26","874690014246"
"天野 佳子","あまの よしこ",25,"1996年12月08日","女","O","amano128@example.co.jp","01635-9-3390","090-9843-8124","002-1473","北海道札幌市西区西野六条3-1-1201","有限会社タケダ","371061475040443","10/24","718374720285"
"本田 香","ほんだ かおり",80,"1942年09月03日","女","B","honda_kaori@example.net","03-3472-9645","070-9652-9256","147-3497","東京都国分寺市東元町2-3-20","","379686613620268","10/24","727957841608"
"村上 功一","むらかみ こういち",21,"2000年12月05日","男","AB","murakamikoichi@example.com","03-1242-0892","070-4728-9972","181-6217","東京都江戸川区篠崎町1-5-5","株式会社ネクサス","4611551493318690","04/23","006029720558"
"戸川 和浩","とがわ かずひろ",37,"1985年10月27日","男","O","togawa_1027@example.org","0495-89-7038","050-6489-5174","358-9309","埼玉県行田市城西4-3-8","株式会社サーブ","5471169360940987","10/23","909447525907"
"中村 隆之","なかむら たかゆき",29,"1993年09月21日","男","A","nakamura_takayuki@example.jp","0982-74-6103","080-2362-4361","885-0917","宮崎県宮崎市霧島3-1-303","","5353558756445069","10/26","875886177182"
"高橋 涼","たかはし りょう",41,"1981年01月10日","男","O","ryotakahashi@example.co.jp","06-4938-9555","080-9502-2069","561-6775","大阪府大阪市生野区巽北3-4-16","株式会社日建","376479825701560","08/26","330412050240"
"西岡 由加","にしおか ゆか",50,"1972年06月24日","女","A","yukanishioka@example.org","0748-67-6830","050-1541-6301","520-2814","滋賀県高島市安曇川町末広2-5-1202モンテベルデ708","","4405363774827476","05/27","429717333191"
"龍田 涼子","たつた りょうこ",23,"1999年04月04日","女","A","tatsuta_44@example.org","0952-91-2762","080-2389-2903","848-1963","佐賀県佐賀市兵庫南3-2-503","有限会社朋友","5571698364423052","04/27","775524274673"
"山田 誠","やまだ まこと",40,"1982年09月16日","男","B","yamada916@example.com","03-2417-7629","080-8768-6211","131-1901","東京都台東区千束3-2-7サンマンション404","有限会社石川商店","378900944091805","07/27","895169403543"
"太田 恵津子","おおた えつこ",74,"1948年08月20日","女","B","etsuko_ota@example.com","03-4703-5457","050-8546-3443","152-7580","東京都文京区本郷1-3-3","","3551546584137409","05/25","220844804733"
"谷川 恵","たにがわ めぐみ",70,"1952年03月12日","女","B","tanigawa312@example.co.jp","0799-24-8763","090-4678-0126","672-6167","兵庫県神戸市須磨区須磨浦通1-1-14","","370466195791848","06/23","065685985327"
"福井 肇","ふくい はじめ",48,"1974年01月20日","男","O","fukuihajime@example.org","0463-83-9348","090-7864-9460","231-7608","神奈川県川崎市麻生区はるひ野3-2-10","","379086820540609","12/26","796582263140"
"桑江 紀行","くわえ のりゆき",77,"1945年10月06日","男","AB","noriyuki_kuwae@example.ne.jp","0946-66-2032","080-4212-4810","805-3087","福岡県福岡市東区若宮3-4-15","","5286004398624987","03/26","088463184849"
"清水 宏規","しみず ひろのり",69,"1953年09月25日","男","A","hiroki_shimizu@example.co.jp","06-2142-2355","070-8357-6080","587-8058","大阪府大阪市福島区玉川1-2-22","","4699597425935726","02/27","122987906896"
"山下 美智子","やました みちこ",25,"1997年01月03日","女","A","yamashita13@example.net","0125-36-6486","090-5521-0375","093-6098","北海道恵庭市黄金北1-1-3セラ212","株式会社山田屋","373013073552046","04/25","142266038401"
"北村 航","きたむら わたる",24,"1998年06月16日","男","O","kitamura_wataru@example.co.jp","03-4032-2878","050-4356-5387","157-4788","東京都墨田区江東橋3-3-4","株式会社双葉","4454348714006505","05/24","926010422892"
"鈴木 みよ","すずき みよ",59,"1963年01月24日","女","A","suzuki_124@example.co.jp","046-459-4745","070-8463-8930","220-1119","神奈川県藤沢市片瀬1-1-409","有限会社ティーズ","5421587476737297","08/24","876334166018"
"滝沢 友子","たきざわ ともこ",65,"1957年03月20日","女","O","tomoko_takizawa@example.org","0183-27-4603","090-5171-9797","018-8698","秋田県秋田市茨島3-5-6","","3532374753666601","11/26","951286598778"
"重盛 悠樹","しげもり ゆうき",39,"1983年02月22日","男","O","yukishigemori@example.jp","0555-52-3195","070-6062-3251","401-5471","山梨県甲府市千塚1-1-7","有限会社みらい","3566921649670475","06/26","541012737085"
"吉野 純一郎","よしの じゅんいちろう",29,"1993年02月04日","男","A","junichiro_yoshino@example.jp","0820-78-8376","080-7041-6853","754-1072","山口県山口市小郡新町2-2-10","有限会社わかば","3585046517033957","07/23","796700901920"
"高瀬 秀樹","たかせ ひでき",55,"1967年05月01日","男","O","hideki_takase@example.jp","06-2322-1896","070-7670-5599","531-4339","大阪府八尾市本町3-2-14","株式会社アスリート","379992473950765","08/26","512663680219"
"武藤 徹","むとう とおる",60,"1962年01月13日","男","A","torumuto@example.org","06-1514-6948","050-2020-8196","595-4348","大阪府大阪狭山市茱萸木2-2-3","","371213005284518","09/27","717038180209"
"田口 陽介","たぐち ようすけ",79,"1943年04月05日","男","A","yosuketaguchi@example.net","03-3755-0959","070-6367-4519","156-7763","東京都墨田区亀沢1-3-5","","3542005173413871","12/23","889493777014"
"田原 信一郎","たはら しんいちろう",40,"1982年06月28日","男","B","shinichiro_tahara@example.com","046-088-5353","070-0819-5880","235-9123","神奈川県川崎市宮前区土橋4-3-10","株式会社日昇","3535426384667379","03/27","691819526179"
"小澤 一彦","おざわ かずひこ",51,"1971年03月10日","男","O","kazuhikoozawa@example.ne.jp","029-425-3125","090-2905-1881","304-7054","茨城県石岡市東石岡2-4-4","","4786623411276000","11/23","977657070177"
"高野 大輔","たかの だいすけ",25,"1997年08月02日","男","A","daisuke_takano@example.co.jp","098-861-3059","090-5032-0330","908-6137","沖縄県沖縄市知花3-2-1108","株式会社日創","5433638796863408","12/23","956242892867"
"堀 由美子","ほり ゆみこ",76,"1945年11月25日","女","A","yumikohori@example.org","03-5273-4768","050-7575-3386","104-1148","東京都新宿区北新宿2-1-5ネオグランデ716","","4669800567024366","02/26","144762732086"
"堺 智大","さかい ともひろ",31,"1991年04月07日","男","B","sakai_tomohiro@example.jp","08477-8-7662","080-6490-5534","725-4683","広島県広島市安佐南区川内2-2-12","株式会社サンケイ","5263713357749521","06/25","208737416135"
"井村 勇輝","いむら ゆうき",66,"1956年05月14日","男","B","imura_514@example.com","047-900-3248","080-0304-7353","289-2264","千葉県船橋市新高根4-3-7","","4367807544867150","01/27","685860718300"
"石坂 智幸","いしざか ともゆき",78,"1944年01月04日","男","A","ishizaka_tomoyuki@example.net","03-6751-9359","050-6532-8883","166-5265","東京都杉並区西荻南1-5-6","","3532167107453639","12/26","400966358627"
"廣瀬 舞","ひろせ まい",31,"1991年03月11日","女","O","hirose_311@example.net","0153-64-1025","080-4334-3525","052-8574","北海道札幌市南区真駒内柏丘4-1-4","","3572398513025932","02/23","015467908402"
"川渕 英子","かわぶち ひでこ",75,"1947年02月01日","女","B","kawabuchi_eiko@example.net","0172-11-0115","090-4916-3228","033-7329","青森県青森市桂木4-3-4","","5255717704700822","03/24","908849610670"
"塩野 麻未","しおの まみ",32,"1990年05月10日","女","B","shionoasami@example.com","03-1409-7886","050-3438-4644","172-5121","東京都世田谷区松原3-3-4ベリスタ509","有限会社友和","5249797827051807","03/23","738167022455"
"古田 一毅","ふるた かずき",22,"2000年09月11日","男","B","furuta_911@example.com","03-4033-0962","070-7720-5531","108-2136","東京都港区西麻布1-3-12グランドコーポ402","株式会社マルカ","4039235646895424","03/24","574395020753"
"尾崎 仁史","おざき ひとし",50,"1972年05月14日","男","B","hitoshi_ozaki@example.org","079-995-7052","080-0090-3415","662-5537","兵庫県神戸市中央区北本町通1-2-7","有限会社朝日","378928737455341","03/25","999411728819"
"大津 景子","おおつ けいこ",69,"1953年07月24日","女","A","otsu_724@example.jp","0467-64-5316","080-7889-2362","231-1309","神奈川県横須賀市根岸町1-5-21","","5305460721630843","06/25","714113224501"
"奥田 博文","おくだ ひろふみ",68,"1954年05月14日","男","B","hirofumi_okuda@example.net","06-1018-5858","070-7507-5883","567-2093","大阪府大阪市北区西天満4-1-9","","3534398826219112","09/27","565325862375"
"松山 庸介","まつやま ようすけ",29,"1993年03月14日","男","AB","matsuyama314@example.ne.jp","03-9863-7812","080-7899-9345","135-2484","東京都東大和市向原1-2-19","有限会社翔","3535252695173422","12/25","849036333362"
"小川 邦彦","おがわ くにひこ",26,"1996年10月28日","男","B","ogawa_1028@example.jp","03-3028-3000","070-7976-7874","159-3982","東京都目黒区中目黒3-2-1001","株式会社ミナミ","4201348541324374","02/23","959799738827"
"岡部 俊宏","おかべ としひろ",36,"1985年12月19日","男","A","okabetoshihiro@example.ne.jp","088-864-7550","080-5508-1149","786-9754","高知県四万十市中村一条通3-2-19","有限会社栄光","4309619917752898","10/27","786488832526"
"樋口 環","ひぐち たまき",37,"1985年06月02日","男","O","tamaki_higuchi@example.net","0558-99-0430","090-2575-0191","418-6683","静岡県静岡市葵区沓谷1-3-16","株式会社小林商店","375717271260511","10/23","973815049657"
"柿本 聡","かきもと あきら",77,"1945年08月10日","その他・不明","A","satoshikakimoto@example.com","03-7937-2450","090-6933-3020","119-9619","東京都江東区森下4-3-4","","4037814728458509","02/26","104151715630"
"小野 隆司","おの りゅうじ",59,"1963年07月09日","男","O","takashiono@example.ne.jp","046-992-7239","070-8452-7383","259-3788","神奈川県川崎市宮前区鷺沼3-5-6プラセシオン708","","5293013687747400","12/24","700618536302"
"坂下 文子","さかした あやこ",71,"1950年11月21日","女","A","sakashitafumiko@example.jp","0568-58-7440","080-6236-1841","457-4675","愛知県春日井市東山町3-3-4プラセシオン502","","3586978344627065","12/25","394113105877"
"野原 義和","のはら よしかず",76,"1946年01月16日","男","AB","nohara_yoshikazu@example.jp","03-3541-0146","080-6932-6425","141-0460","東京都調布市西つつじケ丘3-2-10","","374532527092837","07/24","870497601511"
"迫 和美","さこ かずみ",69,"1952年12月29日","女","O","kazumisako@example.net","03-5164-0696","080-5182-3777","135-7872","東京都葛飾区東新小岩2-1-7","","5455937064944376","02/23","797082216940"
"志村 紘子","しむら ひろこ",79,"1943年09月25日","女","A","hirokoshimura@example.com","03-7751-6267","050-1968-9028","157-6680","東京都港区白金台2-2-10","","3579329501421414","09/27","305478714322"
"榎本 靖","えのもと やすし",69,"1953年02月11日","男","A","yasushienomoto@example.com","03-1363-9748","050-3814-8653","135-9851","東京都世田谷区上用賀3-1-19ユニハイム307","","5280385118389886","12/23","730204275716"
"土屋 誓子","つちや ちかこ",45,"1977年11月15日","女","B","tsuchiya_1115@example.co.jp","03-5792-4808","070-6936-4157","185-1673","東京都江戸川区南篠崎町4-3-10","株式会社アクアテック","4985874533820766","10/26","902579002488"
"高野 隆洋","たかの たかひろ",43,"1978年12月28日","男","O","takahirotakano@example.jp","0220-21-0183","080-4062-7729","989-6036","宮城県仙台市青葉区八幡1-1-5","協和工業株式会社","3586346100562373","08/25","166742846135"
"川口 明子","かわぐち あきこ",69,"1953年03月29日","女","A","akikokawaguchi@example.co.jp","04-0654-1007","050-4852-2992","339-4474","埼玉県春日部市粕壁東1-3-10","","377397677833720","12/22","285518705010"
"宮西 厚","みやにし あつし",45,"1977年04月23日","男","A","atsushi_miyanishi@example.co.jp","0436-66-8363","090-7335-8808","272-8173","千葉県浦安市北栄2-3-15","有限会社吉田商店","5461470213072487","07/26","744078907311"
"伊藤 さやか","いとう さやか",31,"1990年11月24日","女","B","itosayaka@example.org","0578-80-6809","090-1996-6316","500-5125","岐阜県岐阜市茜部菱野1-3-6","有限会社エバーグリーン","4988699874249748","09/25","774761512973"
"山口 英治","やまぐち えいじ",36,"1986年05月30日","その他・不明","AB","eijiyamaguchi@example.net","06-2119-7610","070-5788-5011","551-2940","大阪府大阪市北区西天満2-2-10ネバーランド507","株式会社渡辺工務店","4269408691578408","05/24","864103335870"
"石垣 昌裕","いしがき まさひろ",64,"1958年09月25日","男","A","ishigaki_925@example.jp","03-6872-5787","090-4652-2510","147-3505","東京都中野区本町2-5-804","","4426220042181802","08/23","684980223716"
"市原 恵子","いちはら けいこ",35,"1987年04月28日","女","B","keiko_ichihara@example.jp","06-0212-1243","050-3816-6977","546-4703","大阪府大阪市北区天神橋3-1-17ソルステージュ516","有限会社飛翔","5482940125684798","04/26","221738450988"
"加藤 加奈子","かとう かなこ",49,"1973年05月20日","女","B","kato_520@example.com","09496-3-2093","050-0728-9551","809-8316","福岡県糟屋郡粕屋町長者原東2-1-9","有限会社協栄","5107934494178545","05/24","439602498273"
"佐々木 佳宏","ささき よしひろ",41,"1981年01月23日","男","A","yoshihiro_sasaki@example.net","03-6245-7854","090-9756-1511","122-3872","東京都練馬区西大泉1-1-5","有限会社新栄工業","4016332761191106","08/27","362982421496"
"小坂 裕之","こさか ひろゆき",33,"1989年06月25日","男","O","hiroyukikosaka@example.co.jp","03-9012-3115","050-7951-7089","186-3681","東京都杉並区成田東1-3-5","株式会社TKG","375905283245410","01/24","853655589697"
"齋藤 文彦","さいとう ふみひこ",67,"1955年01月09日","男","A","saito19@example.com","018-708-2068","070-5157-5238","017-5248","秋田県秋田市茨島2-3-5","","372594113916284","12/23","854830540031"
"伊藤 正輝","いとう まさき",42,"1979年11月23日","男","O","ito1123@example.org","0182-97-0007","090-6753-0856","012-5299","秋田県秋田市大町3-2-18","株式会社ファイブ","5308522126587782","06/26","387972269877"
"秋山 萌美","あきやま めぐみ",32,"1990年10月28日","女","O","akiyama_1028@example.org","0966-71-6680","070-8090-2351","865-5862","熊本県熊本市北区弓削2-2-5パークハイム401","株式会社あゆみ","5115081856012837","04/26","823640650555"
"桂 雄太","かつら ゆうた",35,"1987年01月18日","男","A","katsura_yuta@example.jp","03-6501-5696","080-8071-1703","197-9793","東京都台東区元浅草1-3-6","東和産業株式会社","3539104528026994","06/23","338460241740"
"斎藤 俊輔","さいとう しゅんすけ",63,"1959年10月22日","男","A","shunsuke_saito@example.co.jp","03-1135-3044","050-0805-6631","191-3263","東京都台東区台東4-2-7","","4036946612419642","07/23","270967073609"
"大澤 剛志","おおさわ つよし",33,"1989年05月31日","男","B","tsuyoshiosawa@example.com","0749-50-9805","050-3135-2406","523-9471","滋賀県大津市京町3-5-17","有限会社グローブ","4828904228237355","10/23","112009221509"
"原口 健一","はらぐち けんいち",49,"1973年11月08日","男","B","haraguchi_118@example.com","082-406-0769","070-2634-4867","729-2793","広島県呉市広石内2-1-6","有限会社タカハシ","4307105787579746","10/24","516890581060"
"武田 みずき","たけだ みずき",32,"1990年11月05日","男","O","takeda_115@example.ne.jp","098-993-3472","090-1412-6251","908-6672","沖縄県那覇市首里末吉町3-2-13レイセニット605","株式会社NINE","3542457771569762","07/25","067082645460"
"上杉 和子","うえすぎ かずこ",79,"1943年08月05日","女","AB","uesugi_kazuko@example.jp","03-9778-8829","050-3490-6578","174-3209","東京都新宿区百人町4-3-6","","4928446158465993","06/23","195258677094"
"津野 真由子","つの まゆこ",63,"1959年10月20日","女","A","tsuno1020@example.net","055-085-7320","080-8083-5883","401-0095","山梨県甲府市飯田4-2-7","","3565199001305508","04/23","267164101912"
"吉田 克則","よしだ かつのり",72,"1950年10月17日","男","O","yoshidakatsunori@example.jp","03-0252-7865","050-5240-6152","205-0072","東京都豊島区西池袋1-3-802","","377961277485759","08/23","709378374102"
"遠藤 亨","えんどう とおる",42,"1980年05月05日","男","O","endo_toru@example.net","03-7941-8823","090-1232-2620","112-7522","東京都港区新橋2-4-22","株式会社リバース","3554048858311866","03/26","690701995860"
"山本 恵子","やまもと けいこ",27,"1995年05月29日","女","A","keiko_yamamoto@example.jp","0584-79-2892","080-4760-5050","508-5687","岐阜県岐阜市細畑1-5-22","有限会社ハーベスト","5587622086096782","06/24","411467635514"
"齋藤 正美","さいとう まさみ",41,"1981年01月09日","男","A","saito_19@example.org","0779-05-7014","070-8141-8744","919-9661","福井県福井市高木北1-5-606","有限会社小林工業","375073700233061","10/27","429716653770"
"杉山 憲一","すぎやま けんいち",63,"1959年03月29日","男","A","kenichisugiyama@example.net","03-0592-8966","080-0857-9826","115-8677","東京都世田谷区深沢1-3-18","","3577134485401198","11/22","808956534655"
"佐藤 幸志","さとう こうじ",71,"1951年01月20日","男","B","satokoji@example.co.jp","03-4417-8651","090-5544-4914","146-2472","東京都港区虎ノ門4-2-5","","370567324782382","03/24","456023879720"
"佐伯 真吾","さえき しんご",51,"1971年11月08日","男","B","saekishingo@example.ne.jp","03-3507-8452","070-9259-7894","154-9404","東京都港区新橋1-2-6","有限会社山崎製作所","3562012548667806","04/24","106795009151"
"谷野 匠","たにの たくみ",26,"1996年08月25日","男","B","tanino825@example.ne.jp","01466-4-8063","090-2021-5608","070-4725","北海道上川郡美瑛町本町1-3-6","株式会社アルファー","377422533168911","02/23","145665033692"
"小中 伸一","こなか しんいち",78,"1944年05月13日","男","O","konakashinichi@example.net","03-8279-8188","080-9777-7014","173-6991","東京都武蔵村山市残堀2-1-10","","378185708068989","02/27","256950435725"
"新田 泰世","にった やすよ",27,"1995年10月27日","女","O","nitta_yasuyo@example.co.jp","03-7172-6932","070-0979-0528","196-7197","東京都足立区西保木間2-3-1107","有限会社山田工務店","4149542569419836","09/23","386947580570"
"早川 直弥","はやかわ なおや",80,"1942年10月16日","男","AB","hayakawa_naoya@example.co.jp","045-637-8740","050-2665-3091","257-0826","神奈川県横浜市磯子区杉田4-1-7リベール609","","5323555736800170","03/25","217103621665"
"大石 千恵","おおいし ちえ",65,"1957年06月15日","女","O","oishichie@example.jp","09802-0-4111","090-2195-5720","903-9166","沖縄県那覇市おもろまち3-1-7","","5568453007794237","05/25","887615432762"
"小西 孝典","こにし たかのり",73,"1948年12月14日","男","O","konishi1214@example.ne.jp","03-0254-3373","090-5347-9514","180-5030","東京都港区高輪1-2-7","","370784661531252","02/25","144963631679"
"前野 邦弘","まえの くにひろ",50,"1972年09月04日","男","B","maeno_94@example.co.jp","0165-90-8509","090-0812-9495","092-7119","北海道室蘭市本輪西町3-3-402","有限会社ネクスト","3534839424106862","03/26","030658850900"
"笹井 亮介","ささい りょうすけ",23,"1999年10月21日","男","O","ryosuke_sasai@example.net","06-8909-7757","090-0432-3276","573-4233","大阪府富田林市寺池台4-3-7","有限会社グリーンフィールド","4314707624806520","02/26","132249805258"
"岡本 照幸","おかもと てるゆき",62,"1960年08月04日","男","O","okamoto84@example.net","0795-58-4782","090-2427-0110","673-8463","兵庫県神戸市中央区北野町1-2-1003","","4347921167178889","05/27","484014953423"
"池田 寛","いけだ ひろし",36,"1986年10月03日","男","O","hiroshiikeda@example.ne.jp","0436-64-7860","090-0448-9086","295-0759","千葉県千葉市若葉区西都賀3-5-10","有限会社マルフジ","5577696638140456","08/26","631178246240"
"中橋 修二","なかはし しゅうじ",75,"1947年10月03日","男","O","shuji_nakahashi@example.net","06-6692-8888","090-5802-6543","561-2422","大阪府大阪市此花区西九条1-1-3","","4659811863253106","05/26","819903167059"
"吉岡 篤史","よしおか あつし",52,"1970年08月11日","男","A","yoshioka_811@example.com","06-4836-5473","080-1685-0715","566-5685","大阪府大阪市東住吉区駒川1-2-9","","3535712213980525","09/27","998505517661"
"安田 はるか","やすだ はるか",33,"1989年10月30日","女","A","yasuda_haruka@example.jp","0438-80-1222","080-7479-1300","260-6927","千葉県船橋市本中山2-1-6","有限会社菊屋","5411336912261385","03/25","852751938086"
"福田 崇之","ふくだ たかゆき",52,"1970年06月15日","男","AB","takayuki_fukuda@example.net","0237-24-4259","050-3378-2470","992-3558","山形県山形市南館3-4-5","株式会社アールテック","4928206427983782","04/26","457436834888"
"豊田 拓哉","とよだ たくや",56,"1966年06月12日","男","B","takuyatoyoda@example.com","0470-17-1958","050-9443-5956","265-2034","千葉県柏市布施新町2-1-4サンヴェール713","有限会社マツダ","5471786665025816","05/25","561859004093"
"森原 哲男","もりはら てつお",41,"1981年11月01日","男","A","tetsuo_morihara@example.ne.jp","0798-18-0446","080-6806-6430","652-0630","兵庫県神戸市中央区磯上通2-3-11","株式会社中村建設","377942928983137","02/27","663665271659"
"松田 健次","まつだ けんじ",48,"1974年07月02日","その他・不明","A","kenjimatsuda@example.ne.jp","03-5799-5320","080-8494-4654","160-1219","東京都足立区千住1-2-9","有限会社斉藤工業","3534138214507573","08/26","949302462542"
"大貫 康浩","おおぬき やすひろ",30,"1991年12月05日","男","A","onukiyasuhiro@example.com","0893-47-9379","090-4922-6737","791-3272","愛媛県今治市南大門町3-3-105","株式会社マルワ","4501399359454099","11/27","865631885978"
"喜多 浩司","きた ひろし",28,"1993年11月18日","男","A","kitakoji@example.com","0225-16-7227","090-2157-6900","986-5298","宮城県多賀城市笠神1-1-15","株式会社クラウドナイン","4952321270323801","11/25","534703202262"
"岸田 いくみ","きしだ いくみ",26,"1996年06月28日","女","A","ikumi_kishida@example.co.jp","0771-09-1384","050-7894-6087","604-3594","京都府長岡京市天神3-5-14","","5408017257147554","05/27","721952556982"
"由利 紘子","ゆり ひろこ",76,"1946年04月18日","女","A","hiroko_yuri@example.net","0165-61-2018","090-0029-3170","054-2093","北海道札幌市中央区北五条西1-1-13","","370301866659380","10/23","268334588176"
"石黒 邦彦","いしぐろ くにひこ",64,"1958年10月30日","男","A","ishiguro_kunihiko@example.jp","01267-9-4182","050-6329-1221","077-9146","北海道旭川市五条通2-1-21","","5513455550967157","04/24","107412484524"
"小川 もも","おがわ もも",32,"1990年04月25日","女","A","ogawa_425@example.ne.jp","0470-27-2846","050-7084-2221","279-9278","千葉県松戸市六高台1-2-19","株式会社みらい","5464849301865554","03/23","080454437032"
"西崎 徹","にしざき とおる",22,"1999年12月09日","男","O","torunishizaki@example.co.jp","0568-37-2213","050-0289-1170","478-1505","愛知県豊田市柿本町3-1-8コムグレイス301","株式会社オリオン","3537676541049519","12/22","115469069143"
"高橋 智","たかはし とも",75,"1947年02月04日","男","B","satoshi_takahashi@example.org","0197-77-6401","090-1940-9032","020-6323","岩手県盛岡市上堂4-1-5","","4910433906822527","01/24","981620005550"
"米倉 静香","よねくら しずか",52,"1970年06月18日","女","AB","yonekura_618@example.org","03-2249-1137","090-8277-7744","107-7584","東京都中野区沼袋2-5-3","株式会社アライアンス","370016201560305","11/25","142660430074"
"山根 元治","やまね もとはる",68,"1954年01月08日","男","AB","yamanemotoharu@example.jp","0948-38-4384","070-1425-8715","805-5164","福岡県福岡市早良区西新3-2-7","","377690397348544","11/26","771939015473"
"梅本 幸彦","うめもと ゆきひこ",37,"1985年04月13日","男","A","yukihikoumemoto@example.org","0798-42-7905","070-8696-3799","675-6302","兵庫県神戸市垂水区西舞子2-5-22ハイマート810","株式会社一期一会","5356171276570171","04/24","766249899723"
"木下 稔","きのした みのる",75,"1947年06月14日","男","A","kinoshita614@example.co.jp","046-415-6572","080-2857-4591","212-6104","神奈川県藤沢市湘南台3-1-5","","5540086517554908","08/27","747153613395"
"小野 圭司","おの けいじ",79,"1943年06月11日","男","B","keiji_ono@example.org","03-4543-4417","070-3101-3360","203-3229","東京都中央区八丁堀3-3-5","","371028418249050","03/24","562071448639"
"福山 孝裕","ふくやま たかひろ",72,"1950年04月18日","男","O","takahirofukuyama@example.ne.jp","0166-94-6659","090-8389-6330","083-6296","北海道北広島市虹ヶ丘4-3-7","","4630524440204997","08/23","873186127289"
"新宮 和也","しんぐう かずや",54,"1968年07月02日","男","O","shingu_kazuya@example.co.jp","0146-28-7478","090-5517-8959","071-8175","北海道千歳市幸町2-2-20","株式会社SK","5526743397877142","11/25","667868057704"
"早川 亜衣","はやかわ あい",51,"1971年06月15日","女","A","ai_hayakawa@example.ne.jp","06-9638-0294","090-5153-6625","545-0069","大阪府大阪市中央区内久宝寺町1-2-10","有限会社中央商事","378321456026438","01/23","338846130714"
"星野 薫","ほしの かおる",73,"1949年09月13日","男","A","hoshinokaoru@example.com","03-6311-0052","080-6178-3713","173-2208","東京都渋谷区渋谷1-5-405","","5480553934453719","04/24","784109924866"
"山本 幸喜","やまもと こうき",29,"1993年03月17日","男","B","yamamoto317@example.jp","03-8458-6545","050-9473-2566","209-8588","東京都立川市柏町4-2-7","有限会社マック","4953659077776104","08/23","814526614248"
"青木 智之","あおき ともゆき",75,"1947年08月14日","男","B","aoki_814@example.com","0280-06-7186","050-5228-8203","315-5589","茨城県日立市久慈町1-1-4","","4729015018948869","09/26","716346335195"
"仲 雄太","なか ゆうた",65,"1957年08月13日","男","A","nakayuta@example.jp","0569-71-7412","090-3803-9406","488-3937","愛知県春日井市白山町1-3-5グランドハイツ607","","4153150429625783","01/24","656292776341"
"近藤 夏海","こんどう なつみ",66,"1955年11月27日","男","A","kondonatsumi@example.ne.jp","01267-4-6945","090-6201-1269","075-7806","北海道札幌市北区北三十一条西1-2-15ネオグランデ511","","3569951557709285","02/27","448804451847"
"吉田 真由美","よしだ まゆみ",69,"1953年05月14日","女","A","yoshida_514@example.org","06-8038-3478","050-7714-7276","544-9644","大阪府交野市倉治4-1-6","","3551587757934743","02/23","766610500520"
"島田 厚","しまだ あつし",38,"1984年05月06日","男","A","shimada56@example.com","03-8793-7107","090-2524-4045","185-9352","東京都練馬区氷川台3-2-5","有限会社小林工業所","4398513521739056","09/25","145153986680"
"伊藤 和俊","いとう かずとし",44,"1978年10月24日","男","A","kazutoshi_ito@example.jp","0967-71-0095","070-1716-2305","860-0717","熊本県熊本市北区龍田陳内4-1-4グランステイツ101","","4099128905028018","04/27","127786479649"
"金光 崇","かねみつ たかし",61,"1961年07月03日","男","O","kanemitsu_73@example.jp","03-7630-4581","080-2375-0297","130-0620","東京都新宿区北新宿2-2-3フェルティパーク208","","4371030011480647","08/24","111839611672"
"北村 哲也","きたむら てつや",70,"1952年11月09日","男","B","kitamuratetsuya@example.co.jp","03-2792-5133","080-7267-9846","191-5182","東京都港区赤坂2-3-4","","5369618313638499","02/26","267703899796"
"渡邊 裕介","わたなべ ゆうすけ",35,"1987年01月15日","男","A","watanabe_yusuke@example.ne.jp","03-6547-8431","070-3957-7322","151-9949","東京都新宿区北新宿3-2-10","有限会社スギモト","3571971283309289","07/23","533021608414"
"室井 義和","むろい よしかず",48,"1974年05月16日","男","B","muroi516@example.net","03-1143-4626","090-8717-9508","202-1336","東京都墨田区石原2-4-13","株式会社アルテミス","5250121596558676","03/25","149363262213"
"大塚 拓","おおつか たく",46,"1975年12月10日","男","B","takuotsuka@example.co.jp","04-3775-2136","090-9391-9137","352-0670","埼玉県川口市戸塚2-4-4","株式会社ラック","4094872525307733","04/27","315275292169"
"林 光弘","はやし みつひろ",44,"1978年09月24日","男","O","hayashi_mitsuhiro@example.org","0798-64-1572","050-4441-3414","679-0413","兵庫県神戸市中央区中山手通3-3-109","株式会社グローバル","371650695529423","07/26","900618694861"
"石田 秀樹","いしだ ひでき",61,"1960年11月25日","男","O","hideki_ishida@example.co.jp","047-789-1760","050-9242-8904","272-5777","千葉県船橋市習志野台3-2-3","","3565357901863683","05/26","521023731576"
"畠山 聡子","はたけやま さとこ",22,"2000年09月27日","女","AB","hatakeyamasatoko@example.com","01648-8-0017","090-8017-7391","002-8869","北海道札幌市中央区北一条西3-3-4","有限会社ブリッジ","5498100116643301","08/26","872686028264"
"鈴木 俊毅","すずき としき",46,"1976年05月12日","男","AB","suzuki512@example.jp","03-6018-1361","070-0563-4259","160-6584","東京都渋谷区神宮前1-2-6","株式会社ケイズ","4761755863220604","05/26","133009590927"
"岡部 雅信","おかべ まさのぶ",71,"1951年05月21日","男","A","masanobuokabe@example.jp","03-3668-9689","080-1375-2352","170-9625","東京都新宿区北新宿1-5-21","","377474170577086","06/24","217798772871"
"伊豆田 久幸","いずた ひさゆき",68,"1954年07月02日","男","O","hisayuki_izuta@example.jp","043-978-8220","090-1091-3724","267-8826","千葉県鎌ケ谷市道野辺中央2-4-15パレロワイヤル102","","4232318089674905","12/26","952075165120"
"中山 裕司","なかやま ゆうじ",58,"1963年12月14日","男","A","yujinakayama@example.com","0930-36-9959","090-6485-9780","833-5724","福岡県糟屋郡志免町志免中央2-3-5","株式会社アクティ","3569081710680478","10/25","624682645214"
"山内 良治","やまうち りょうじ",64,"1958年05月09日","男","A","yamauchi_ryoji@example.co.jp","0587-08-7191","090-7677-5450","497-0578","愛知県名古屋市熱田区神宮2-2-8グランドコーポ109","","5108202260103843","12/23","553929940341"
"浅井 英之","あさい ひでゆき",36,"1985年11月28日","男","O","asai_1128@example.jp","03-0456-3370","080-4498-8328","142-4334","東京都東村山市恩多町1-5-21","株式会社マルイ","4091944605776914","05/23","172287468216"
"阿部 雅宏","あべ まさひろ",80,"1941年11月18日","男","A","abe_masahiro@example.ne.jp","0438-41-8086","050-0027-5742","267-0662","千葉県佐倉市ユーカリが丘2-1-6","","5301196868678559","02/23","516970136807"
"坪内 朋美","つぼうち ともみ",74,"1948年08月09日","女","A","tsubouchi_89@example.net","03-1073-2666","070-9577-5416","127-3192","東京都中央区銀座3-2-6アーバニス212","","379823715789994","02/25","000323046190"
"吉原 雄一郎","よしはら ゆういちろう",35,"1987年08月12日","男","A","yuichiroyoshihara@example.com","03-2612-2853","070-2302-8242","196-3666","東京都西東京市田無町3-5-17","有限会社ヤマグチ","5556102846533835","05/25","428428670957"
"上村 美弥子","うえむら みやこ",36,"1986年06月23日","女","A","uemuramiyako@example.ne.jp","03-9598-1840","050-5183-3601","165-7666","東京都台東区池之端3-5-19","有限会社リード","5360689037764803","01/26","995122170065"
"竹田 将嗣","たけだ まさし",45,"1977年01月15日","男","O","takedamasatsugu@example.org","044-603-8396","090-9278-2910","258-0575","神奈川県小田原市寿町2-1-8","有限会社大栄","3569370273246243","02/23","564465563932"
"秋山 眞也","あきやま しんや",46,"1976年04月01日","男","A","akiyama41@example.net","015-880-9899","090-3534-6640","041-3870","北海道札幌市中央区南三条西3-1-401","有限会社クエスト","379164617276446","02/27","396029601462"
"三上 哲","みかみ さとし",39,"1983年01月15日","男","A","mikami_satoshi@example.co.jp","03-4985-2113","080-4282-6510","156-0249","東京都中央区築地2-5-9サンシティ112","株式会社アペックス","5387347324683918","04/24","629930492316"
"古川 遥","ふるかわ はるか",71,"1951年08月29日","女","O","furukawa_haruka@example.net","06-9252-0655","080-1054-5361","586-0884","大阪府大阪市天王寺区大道3-5-17","","5477213686503717","02/25","423957617687"
"妹尾 達也","せのお たつや",61,"1960年11月20日","男","A","tatsuya_senoo@example.co.jp","0969-01-0254","070-9843-0213","868-3162","熊本県熊本市東区桜木2-2-7","","377787194590441","05/27","547290396556"
"坂梨 肇","さかなし はじめ",45,"1977年08月10日","男","A","hajimesakanashi@example.ne.jp","0532-05-0136","050-9748-6544","483-6660","愛知県弥富市五斗山2-4-303","株式会社TKS","3532314886032669","09/27","751976903396"
"杉本 祥子","すぎもと しょうこ",25,"1997年08月08日","女","AB","sugimoto_88@example.com","047-724-3676","070-0354-7490","278-6440","千葉県市川市北方町3-2-19ベル201","株式会社ハセガワ","372872482713593","01/25","764048642713"
"都築 信一","つづき しんいち",20,"2002年11月16日","男","O","tsuzuki_1116@example.net","03-6662-5305","050-5125-8754","206-0056","東京都港区三田4-3-4","株式会社エイブル","3531488773958672","09/27","026030056557"
"国吉 亜矢子","くによし あやこ",34,"1988年03月03日","女","A","ayako_kuniyoshi@example.ne.jp","06-7433-6047","090-1011-8726","546-2875","大阪府大阪市平野区加美正覚寺1-2-7","大栄建設株式会社","3535054046658154","03/25","385958458869"
"山下 秀樹","やました ひでき",35,"1987年01月10日","男","AB","yamashita_110@example.com","0465-14-9242","080-6969-9962","227-3152","神奈川県横浜市中区住吉町1-1-8","株式会社ライフワーク","373582301162240","12/23","997861050674"
"澁谷 哲朗","しぶや てつろう",38,"1984年02月15日","男","O","tetsuroshibuya@example.co.jp","03-8294-1320","070-0924-1209","185-4529","東京都中央区銀座3-2-8","株式会社AMS","5184606144468403","06/27","404877824857"
"辻 賢一","つじ けんいち",54,"1968年11月14日","男","A","kenichi_tsuji@example.co.jp","0268-26-9920","080-2770-3303","392-8116","長野県上田市常磐城1-5-18","","374684341476553","03/24","343703337567"
"沢井 和宏","さわい かずひろ",39,"1983年09月25日","男","AB","kazuhiro_sawai@example.ne.jp","03-0180-2955","070-5854-6347","207-5752","東京都文京区湯島1-2-17","","4960799264821502","03/23","933715150502"
"近藤 美千子","こんどう みちこ",72,"1950年05月08日","その他・不明","A","kondo_58@example.co.jp","03-8698-5427","050-9350-2817","168-2897","東京都日野市栄町3-3-18","","3530140554931672","05/26","669684261328"
"棟方 啓行","むなかた ひろゆき",24,"1998年01月26日","男","O","munakata_hiroyuki@example.jp","03-2561-4774","050-8654-3187","184-9443","東京都世田谷区駒沢3-3-8","有限会社フェイス","375023978602257","05/26","706549945848"
"荒井 豊樹","あらい とよき",64,"1957年12月03日","男","A","araitoyoki@example.jp","03-2261-3237","090-5549-2892","171-2805","東京都足立区足立4-1-3","","5102283968918480","06/25","382666701780"
"野澤 修一","のざわ しゅういち",21,"2001年11月16日","男","O","nozawa_shuichi@example.org","0977-10-4621","070-2588-5180","879-2880","大分県大分市坂ノ市中央1-1-9","株式会社トライアングル","371046417461641","07/25","499009985640"
"岸本 陽","きしもと あきら",23,"1999年03月18日","その他・不明","A","akira_kishimoto@example.org","0478-99-1580","050-8013-9605","289-7575","千葉県松戸市南花島3-1-13","有限会社リーフ","4899056142274172","08/24","907405706690"
"佐藤 圭吾","さとう けいご",69,"1953年02月25日","男","O","keigosato@example.net","044-685-3881","080-5429-4429","230-5934","神奈川県横浜市鶴見区駒岡3-4-8","","5211901223677231","06/24","740604314228"
"村田 容子","むらた ひろこ",61,"1961年03月04日","女","A","murata_34@example.net","03-4268-2610","090-6674-0109","138-2153","東京都東大和市中央1-5-15","","4002781099156148","07/24","996304028473"
"永野 裕","ながの ひろし",77,"1944年12月17日","男","B","nagano_1217@example.jp","0157-35-8802","050-0325-3853","006-9152","北海道釧路市昭和南1-1-7パレ116","","3529790711012510","07/27","155805868825"
"澤田 和典","さわだ かずのり",64,"1958年04月05日","男","AB","kazunori_sawada@example.net","03-6890-9926","070-2903-3812","131-2939","東京都荒川区南千住4-1-5ヨークベル214","","5430755376890735","11/24","397460428456"
"岩尾 夏菜","いわお かな",67,"1955年02月23日","女","A","iwaokana@example.net","06-8714-0450","050-6683-3408","567-3028","大阪府大阪市淀川区宮原1-5-308","","5276271975079354","02/27","726941293353"
"井波 裕章","いなみ ひろあき",25,"1997年07月16日","男","B","hiroaki_inami@example.org","03-9854-7956","050-2493-1692","190-2463","東京都武蔵野市吉祥寺東町1-3-108","株式会社ウイン","4478923460409558","06/27","841742831315"
"後藤 由紀恵","ごとう ゆきえ",50,"1972年07月04日","女","A","goto_yukie@example.net","03-4436-9474","070-1607-1878","135-8864","東京都文京区湯島4-2-10","","5479362434258591","10/26","278170712828"
"吉澤 光浩","よしざわ みつひろ",49,"1973年07月17日","男","A","yoshizawamitsuhiro@example.jp","03-7794-8219","080-7551-9786","207-0687","東京都板橋区小茂根3-2-5","有限会社アシスト","3547468302107639","04/27","667656359638"
"福地 悠佳","ふくち ゆうか",63,"1959年08月14日","女","O","fukuchi814@example.org","03-7773-1735","070-1783-5649","111-8931","東京都港区赤坂3-5-5","","374097622644494","04/23","293641315300"
"大山 紘子","おおやま ひろこ",34,"1988年10月09日","女","A","oyama_hiroko@example.org","03-6029-9855","050-9677-0246","123-6616","東京都港区南麻布3-3-5","株式会社キノシタ","5465475685778335","04/26","196732381327"
"高橋 健司","たかはし けんじ",30,"1992年09月25日","男","O","takahashi_kenji@example.jp","0479-66-7455","050-1083-7676","276-5065","千葉県木更津市東太田1-2-9","株式会社木村","3566816119551959","08/23","765952501328"
"小林 秀幸","こばやし ひでゆき",76,"1946年08月03日","男","O","kobayashihideyuki@example.com","042-863-3465","050-7366-8008","342-4865","埼玉県川口市前川4-1-5","","3587758576055154","11/25","498565939198"
"遠藤 裕一","えんどう ゆういち",30,"1992年11月15日","男","AB","yuichiendo@example.jp","0467-96-6104","050-2633-9043","216-9384","神奈川県相模原市中央区上溝3-4-19グランドハイム513","株式会社エルム","4785701042404240","03/25","842795799100"
"渡邉 匡宏","わたなべ まさひろ",38,"1984年03月25日","男","O","watanabe325@example.com","044-783-7674","050-8666-8548","241-1707","神奈川県横浜市港北区日吉本町4-2-7ロイヤルコート401","","5336784937225533","03/27","040962475479"
"大川 ひとみ","おおかわ ひとみ",73,"1949年11月03日","女","O","hitomiokawa@example.ne.jp","049-664-1045","050-4605-5401","365-7922","埼玉県川口市本町1-5-17パルコート509","","3536102449502682","01/26","029285562277"
"原田 俊一","はらだ しゅんいち",78,"1944年07月02日","男","A","haradashunichi@example.ne.jp","0964-74-7992","050-5986-0593","868-9387","熊本県熊本市東区小峯2-1-15","","5369078854641180","12/22","432172052220"
"田所 遼太","たどころ りょうた",33,"1989年06月15日","男","A","tadokoro_615@example.jp","06-2373-9380","090-1846-7422","565-3653","大阪府大阪市鶴見区今津北3-5-507グランデ612","株式会社MIRAI","377073860414681","11/26","784604587345"
"宮田 信夫","みやた のぶお",66,"1956年07月23日","男","A","miyatanobuo@example.com","03-5213-9637","080-2257-0217","130-4396","東京都港区虎ノ門2-2-8","","3572496750641468","04/26","752267008762"
"志賀 智雄","しが ともお",64,"1958年07月22日","その他・不明","B","tomoo_shiga@example.net","0799-75-9145","090-0814-8804","677-4682","兵庫県尼崎市田能2-2-14","","372519041530717","09/24","926742324575"
"津久井 哲弥","つくい てつや",68,"1953年12月13日","男","A","tsukuitetsuya@example.co.jp","03-4040-7242","090-3336-4806","134-4057","東京都豊島区東池袋3-5-3","","3584983305322146","07/27","962381496810"
"石原 香央里","いしはら かおり",48,"1974年07月13日","女","A","ishihara713@example.jp","0257-30-8374","080-7142-2231","947-2237","新潟県長岡市中沢1-3-806","株式会社桜","4273778666728699","10/25","626875014850"
"鎌田 裕子","かまた ゆうこ",29,"1993年01月06日","女","AB","kamata_16@example.org","0532-10-6989","090-4392-3283","481-8629","愛知県名古屋市東区大幸2-1-7","","370888454806431","05/26","450943428374"
"佐藤 藍","さとう あい",44,"1978年06月07日","女","A","satoai@example.com","052-987-8296","050-8289-8609","461-4833","愛知県名古屋市瑞穂区雁道町3-3-4コムグレイス706","有限会社ペガサス","4751576194805794","03/27","076691569361"
"石山 あゆみ","いしやま あゆみ",69,"1953年07月12日","女","O","ishiyama712@example.com","03-7451-6911","090-4038-6953","122-0134","東京都中野区中野2-5-18","","379514095458652","11/27","654241676579"
"赤松 恭子","あかまつ きょうこ",42,"1980年06月07日","女","O","akamatsukyoko@example.jp","03-8439-4928","080-9049-1214","208-0325","東京都足立区伊興1-3-8","有限会社ジャスト","3562453020362625","07/25","875931831140"
"園田 勇喜","そのだ ゆうき",61,"1960年11月25日","男","O","sonoda_yuki@example.net","03-4013-1362","080-6640-6676","115-3469","東京都豊島区目白1-4-19パークノヴァ103","","4661622942817654","05/23","022304406619"
"吉田 浩","よしだ ひろし",40,"1982年06月22日","その他・不明","O","yoshida_622@example.jp","0581-77-8066","070-4741-2125","505-8590","岐阜県多治見市下沢町2-3-5","有限会社エーワン","379635121770222","02/25","299573089109"
"澤田 勇太","さわだ ゆうた",39,"1983年02月08日","男","AB","sawada_28@example.com","045-388-9415","080-4856-7129","212-5566","神奈川県横浜市青葉区荏田西4-2-4","株式会社響","5281419796502392","05/26","403024041040"
"伊藤 麻衣","いとう まい",45,"1977年02月25日","女","A","itomai@example.jp","0480-58-4213","070-6843-3717","355-5462","埼玉県さいたま市北区大成町2-2-6","有限会社三栄工業","378297476256793","05/26","149082979852"
"大西 憲治","おおにし けんじ",71,"1951年05月12日","男","AB","onishi512@example.ne.jp","03-8487-8868","050-8615-5078","143-7164","東京都港区赤坂3-4-10ウォームスヴィル711","","371544364478071","11/22","899444169675"
"岸 理恵子","きし りえこ",57,"1964年12月13日","女","O","kishi_1213@example.org","0266-45-3256","080-4160-0606","396-7103","長野県長野市稲里町中央1-4-11","有限会社ノーブル","5161002856082110","05/25","094959828304"
"佐藤 誠一","さとう せいいち",80,"1942年02月16日","男","AB","sato216@example.com","06-6811-5645","070-7381-4440","596-2240","大阪府大阪市淀川区宮原1-4-304","","4132613072591319","06/26","631189270771"
"矢田 智美","やだ ともみ",48,"1974年03月05日","女","A","yadatomomi@example.co.jp","0466-37-4954","080-7177-3194","231-6953","神奈川県藤沢市辻堂3-3-4","","378887464554702","04/25","965855585583"
"佐藤 貴博","さとう たかひろ",56,"1966年05月29日","男","B","satotakahiro@example.net","03-3961-8012","050-8983-5869","155-1806","東京都豊島区西巣鴨3-3-7ジオ201","株式会社フォーチュン","4665930716254129","07/27","736136503665"
"片山 良一","かたやま りょう",75,"1947年02月03日","男","O","katayama_ryoichi@example.co.jp","03-0824-9302","080-4010-7447","142-4163","東京都荒川区南千住4-3-7パークハイツ206","","5389477251803243","04/23","890188639777"
"小畠 幹雄","おばた みきお",54,"1968年09月25日","男","A","obata_mikio@example.com","03-9769-0190","070-3088-0677","190-8312","東京都墨田区業平1-1-8","株式会社ライズコーポレーション","4181958905526309","12/26","439030840838"
"加藤 綾","かとう あや",52,"1970年09月30日","女","O","kato_aya@example.com","03-5999-5383","090-2866-7786","108-2960","東京都世田谷区若林1-5-901","株式会社アイコム","4218055975292370","04/24","139144871888"
"堀井 真理子","ほりい まりこ",79,"1942年12月22日","女","O","horii_mariko@example.org","03-7959-6165","070-4044-9442","196-0042","東京都台東区東上野1-3-5","","5338877420537857","10/24","592535135520"
"小林 聖美","こばやし さとみ",74,"1948年11月05日","女","O","kobayashi_kiyomi@example.com","06-4930-7643","070-2881-1806","538-4299","大阪府寝屋川市三井が丘3-1-5","","4570993517276125","06/23","368174750324"
"鈴木 竜弥","すずき たつや",42,"1980年10月17日","男","B","suzuki_tatsuya@example.org","06-6301-9288","080-5073-4083","549-3963","大阪府堺市美原区木材通2-5-12","","5132501974153212","06/23","309077344153"
"長坂 このみ","ながさか このみ",50,"1972年10月04日","女","O","nagasaka104@example.com","03-1167-3967","080-6312-3011","170-2003","東京都中央区日本橋室町2-1-7","有限会社ロード","5145196160752771","06/24","061548905000"
"山本 秀昭","やまもと ひであき",29,"1993年08月25日","男","AB","yamamoto825@example.co.jp","048-028-3423","070-8332-7170","368-4046","埼玉県深谷市東方町1-3-12","有限会社幸","5153914708539446","11/24","224402576044"
"横山 達雄","よこやま たつお",38,"1984年07月03日","男","B","tatsuo_yokoyama@example.co.jp","03-7420-8907","090-1558-8277","159-6575","東京都文京区本郷3-3-3","株式会社セイケン","371049725072803","02/26","415713987617"
"矢嶋 広子","やじま ひろこ",58,"1964年08月13日","女","O","hirokoyajima@example.ne.jp","0576-26-0073","070-5621-0471","502-6643","岐阜県岐阜市三歳町2-5-6","","3547775276726032","09/26","453993944151"
"福島 秀光","ふくしま ひでみつ",60,"1962年11月15日","男","AB","fukushima_hidemitsu@example.co.jp","0892-61-6975","070-8430-7422","790-9005","愛媛県今治市旭町3-5-3","","5554602226653352","08/25","866416709022"
"石川 靖司","いしかわ やすし",60,"1961年11月26日","男","A","ishikawa_yasushi@example.org","03-8485-7180","080-4258-0772","144-1004","東京都目黒区目黒本町3-2-4サンハイツ606","","3555295786125228","05/24","052186300181"
"渡辺 久美子","わたなべ くみこ",48,"1974年04月01日","女","A","watanabekumiko@example.co.jp","03-7702-0262","050-7379-0680","182-1847","東京都足立区江北3-5-15ギャラリーコート807","株式会社木村","376048304583524","09/23","361179341606"
"人見 美優","ひとみ みゆう",47,"1975年05月19日","女","A","miyu_hitomi@example.org","03-8216-9869","050-4071-4679","120-1804","東京都練馬区田柄3-2-3","有限会社ダイケン","4802744517663295","10/23","885751593688"
"細川 旭","ほそかわ あさひ",63,"1959年05月12日","男","A","hosokawa512@example.com","0799-14-4508","070-5772-0108","669-2369","兵庫県神戸市東灘区北青木4-3-9","","371791603194122","03/27","944193575992"
"山本 尚宏","やまもと なおひろ",70,"1952年10月16日","男","O","naohiroyamamoto@example.ne.jp","03-9224-1863","070-6632-9867","141-7451","東京都新宿区高田馬場1-3-6","","5119090578804252","02/25","865284991630"
"中嶋 まみ","なかじま まみ",25,"1997年08月02日","女","A","nakajimamami@example.org","0533-60-4607","090-6171-3615","454-0195","愛知県名古屋市西区枇杷島4-1-9","株式会社サンシステム","3582543040800830","03/25","574517234075"
"太田 千代子","おおた ちよこ",34,"1988年03月14日","女","O","ota314@example.com","0493-29-8451","050-3379-0328","334-3989","埼玉県越谷市赤山町2-2-8","株式会社テクニカ","4259567594404665","11/27","975305701271"
"伊藤 和男","いとう かずお",50,"1972年07月15日","男","A","itokazuo@example.org","0942-26-8080","080-5519-7026","845-3330","佐賀県佐賀市松原3-2-5","有限会社オンリーワン","4892399036666666","12/26","460881722101"
"松浦 学","まつうら まなぶ",74,"1948年07月13日","男","A","matsuura713@example.net","06-3377-1228","070-4397-6252","534-8474","大阪府大阪市城東区諏訪2-2-706ロイヤルメゾン603","","4491449065171099","05/27","558627128046"
"杉山 聡志","すぎやま さとし",50,"1972年04月11日","男","B","sugiyama_411@example.co.jp","03-2338-7826","080-0326-7535","181-4342","東京都世田谷区松原2-1-15","株式会社アトム","4037065974948319","12/23","887678727800"
"千葉 怜","ちば れい",46,"1976年05月15日","男","A","chibarei@example.ne.jp","01547-9-1427","080-2227-9580","059-6768","北海道釧路郡釧路町光和2-2-8","","4221472111065955","05/24","468299401970"
"真崎 実加","まさき みか",79,"1943年04月24日","女","B","masaki424@example.com","03-2017-0560","050-7122-3648","163-9154","東京都新宿区高田馬場2-1-9","","5481868244061393","10/25","329120782640"
"小柳 誠二","こやなぎ せいじ",42,"1980年01月07日","男","A","seijikoyanagi@example.ne.jp","03-3380-8867","050-1915-8826","200-7695","東京都中央区日本橋室町4-2-10サンマンション508","","4987573383354722","05/26","245797136282"
"太田 実","おおた みのる",54,"1968年05月02日","男","A","ota52@example.co.jp","0561-05-3075","080-5909-1061","497-2580","愛知県名古屋市北区東水切町1-4-21","株式会社RISE","4400799060720096","01/23","010153404416"
"道下 清美","みちした きよみ",70,"1952年06月02日","女","B","michishita62@example.org","0587-45-6229","070-9732-7347","455-8821","愛知県名古屋市北区上飯田北町2-1-8","","5553113338891592","11/25","682209821226"
"金子 鉄","かねこ てつ",75,"1946年11月23日","その他・不明","B","kaneko1123@example.jp","03-0556-9371","050-3263-4963","207-9663","東京都文京区小石川4-3-7","","5478813628716365","02/25","356584473877"
"藁科 学","わらしな まなぶ",32,"1990年07月02日","男","A","manabuwarashina@example.net","03-7598-7346","080-0716-0157","158-2909","東京都港区芝浦3-2-5","株式会社吉田","4465400686456593","05/27","170221487209"
"井上 沙織","いのうえ さおり",27,"1995年07月23日","女","B","inoue_saori@example.jp","084-709-5289","080-5142-4818","720-3588","広島県広島市西区己斐上4-1-3","株式会社サンキ","379680969644998","01/25","706230545618"
"坂井 みちこ","さかい みちこ",32,"1990年01月14日","女","O","sakaimichiko@example.ne.jp","0144-53-6952","080-7079-0674","072-3247","北海道帯広市西一条南2-3-13","有限会社アスト","4061980558434164","07/25","952195466123"
"早川 めぐみ","はやかわ めぐみ",78,"1944年01月15日","女","B","hayakawamegumi@example.com","03-7003-8112","050-7778-2119","207-9863","東京都世田谷区野沢1-3-13","","4439796289896082","05/27","397702758405"
"井出 和之","いで かずゆき",69,"1953年10月10日","その他・不明","AB","ide_1010@example.net","03-2044-6515","080-6982-1512","170-2532","東京都港区赤坂3-2-11シャトー510","","5453422816217621","01/27","526393827728"
"山本 かおり","やまもと かおり",70,"1952年07月03日","女","O","yamamoto73@example.jp","0476-75-2813","050-3104-4207","299-1166","千葉県船橋市西船3-1-9","","3577519937335186","10/27","857417576221"
"井上 功","いのうえ いさお",55,"1967年01月11日","男","O","inoue111@example.net","06-1736-2935","090-8260-1608","550-0015","大阪府大阪市西区九条南4-3-4","株式会社鈴木建設","4041183303847104","06/24","818385764890"
"上田 麗","うえだ れい",66,"1956年08月14日","女","A","ueda_814@example.com","04-4518-8463","080-7285-9122","286-2442","千葉県船橋市新高根2-2-901グランフォルム106","","379415026437080","02/24","573428449495"
"遠藤 大輔","えんどう だいすけ",38,"1983年12月26日","男","A","daisukeendo@example.co.jp","03-4676-7754","080-6301-6616","134-0431","東京都渋谷区代々木3-2-10","有限会社サクセス","4803268639326879","10/25","508404488540"
"花野 知之","はなの ともゆき",57,"1965年02月22日","男","O","hanano_222@example.com","01456-3-5036","050-4953-2741","086-0586","北海道旭川市東八条1-3-5","有限会社池田商店","377096797495051","05/24","030532267133"
"山本 智博","やまもと ともひろ",20,"2001年12月31日","男","B","yamamoto_tomohiro@example.co.jp","044-380-4818","080-7446-7350","221-9720","神奈川県川崎市麻生区上麻生2-3-11ウィル102","株式会社ライトスタッフ","5524180183653811","09/24","805891252658"
"根来 正幸","ねごろ まさゆき",52,"1970年02月25日","男","A","masayukinegoro@example.ne.jp","03-0747-7878","070-2224-7866","153-3251","東京都江戸川区東小松川4-3-7","有限会社ケイズコーポレーション","372305637953145","09/27","142477142361"
"崎濱 龍彦","さきはま たつひこ",60,"1962年03月06日","男","B","sakihama_tatsuhiko@example.org","0465-58-4203","080-7591-6991","247-6667","神奈川県横浜市南区中島町1-2-20ジオグランデ401","","375933281706928","09/27","374323469528"
"砂川 彰","すながわ あきら",34,"1988年09月14日","男","O","sunagawa_akira@example.ne.jp","03-9943-2508","070-9517-8447","166-6125","東京都練馬区貫井3-2-22","株式会社アドバンテージ","4423894817290056","04/24","097218926723"
"水澤 未来","みずさわ みき",28,"1994年07月23日","女","O","mizusawa723@example.net","0465-33-5182","080-0488-8447","239-2268","神奈川県相模原市南区相模大野4-2-8","株式会社三晃","372526431185440","04/24","266447277115"
"斎藤 幸子","さいとう さちこ",34,"1988年10月24日","女","A","sachikosaito@example.jp","0460-12-3059","090-8213-1305","258-9307","神奈川県横浜市中区曙町2-3-803","有限会社アネックス","3552526921299111","10/27","343062182932"
"今野 千恵子","こんの ちえこ",26,"1996年10月18日","女","B","konnochieko@example.jp","0475-54-5457","080-4888-9837","269-5238","千葉県松戸市小金原2-5-20","有限会社伊藤商事","4657677606109034","07/25","218296599676"
"前川 幸哉","まえかわ こうや",26,"1996年07月29日","男","B","maekawa_yukiya@example.com","0566-21-8442","090-1488-2812","454-0365","愛知県名古屋市中区栄1-1-21サンコート503","有限会社コーエイ","3539944108467823","06/25","246534493940"
"片岡 寛子","かたおか ひろこ",48,"1974年04月15日","女","A","kataoka_415@example.ne.jp","03-6283-7101","080-7869-5386","179-3161","東京都三鷹市牟礼1-3-6レスタージュ705","サンコー株式会社","379679364350276","05/27","768576277801"
